first_name,last_name,email,phone,city,birth_date
Drake,Christaeas,dchristaeas0@creativecommons.org,7756805273,Huze,1974-03-26
Stefanie,Vevers,svevers1@odnoklassniki.ru,7156841010,Klimovsk,1975-03-05
Felizio,Fivey,ffivey2@xing.com,5364350582,Sinarharapan,1970-10-08
Sanford,Ellin,sellin3@zdnet.com,2818598934,Humble,1969-05-10
Maddalena,Inglefield,minglefield4@liveinternet.ru,2017308522,Vide,1990-01-14
Rhys,Gadsden,rgadsden5@comsenz.com,5242336655,Xinbu,1966-04-10
Stewart,Quarterman,squarterman6@hibu.com,9972931592,Sendai,1987-05-21
Davie,Gorelli,dgorelli7@techcrunch.com,4324509872,Griboyedov,1978-08-06
Theodoric,Bruggen,tbruggen8@cbslocal.com,4062711587,Negombo,1969-03-24
Bronnie,Glossup,bglossup9@ebay.com,8668475360,General Galarza,1988-05-10
Matilda,Vasnetsov,mvasnetsova@4shared.com,5051035731,Lais,1975-01-02
Mag,Garlic,mgarlicb@apache.org,3046869175,Bajawa,1988-12-10
Haroun,Townes,htownesc@51.la,3675795806,Zaqatala,1976-11-10
Clareta,Ronayne,cronayned@cnn.com,6875011228,Nagoselo do Douro,1974-01-01
De,Mattek,dmatteke@sciencedirect.com,4351304598,Puan,1984-06-13
Arabele,Pigrome,apigromef@mozilla.com,3429772064,Jacinto Arauz,1971-05-24
Craig,MacCulloch,cmaccullochg@sakura.ne.jp,2422661144,Shangma,1974-11-30
Chiarra,Saxon,csaxonh@naver.com,6134749909,Dunaújváros,1993-06-06
Rudiger,Halls,rhallsi@ihg.com,6477225698,Meudon,1966-03-16
Whitman,Leguay,wleguayj@google.cn,4184186822,Miyang,1973-03-08
Andrew,De Laci,adelacik@webs.com,7812318488,Dongjia,1984-10-20
Jamill,Wickett,jwickettl@marketwatch.com,1408439048,Yanbei,1997-12-30
Franciskus,Malshinger,fmalshingerm@wikipedia.org,2766104093,Ros’,1966-07-26
Sharona,Alexsandrovich,salexsandrovichn@vkontakte.ru,3017593284,Pingshan,1993-10-28
Fletch,Cullip,fcullipo@barnesandnoble.com,8891128281,Shiqiao,1995-10-24
Lion,Ferrieres,lferrieresp@blogger.com,6715756603,Changleng,1995-03-21
Lyndel,Di Biasi,ldibiasiq@reverbnation.com,7804943624,Pulau Pinang,1976-12-15
Junette,Joul,jjoulr@seesaa.net,9464346087,Valencia,1967-06-15
Arlana,Rayment,arayments@statcounter.com,9889599801,Vũ Quang,1989-12-11
Beth,Coultous,bcoultoust@walmart.com,8953176658,Pangkalan,1995-04-16
Allys,Ridges,aridgesu@guardian.co.uk,1038766231,Heku,1977-03-18
Irvin,Hebdon,ihebdonv@tiny.cc,9186846309,Basing,1999-11-28
Marlowe,Davison,mdavisonw@about.me,5208111899,Rappang,1995-02-06
Dayna,Billing,dbillingx@springer.com,3915884928,Borik,1976-08-27
Swen,Stuchbery,sstuchberyy@ehow.com,8031482512,Mohelno,1996-12-17
Alisha,Baythrop,abaythropz@tinypic.com,3342545993,Zhangjiaji,1977-07-14
Karia,Basten,kbasten10@bing.com,8612382337,Dikhil,1981-05-14
Martainn,Michelotti,mmichelotti11@uol.com.br,4481179922,Vista Alegre,1973-09-04
Latia,Worboy,lworboy12@tinypic.com,7529844430,Yuanshanzi,1996-06-23
Kristan,Ratray,kratray13@icq.com,8343365770,Wangbuzhuang,1980-11-06
Rogers,Prisk,rprisk14@usgs.gov,5239012487,Shibi,1970-02-15
Ernestine,Palfreyman,epalfreyman15@businessweek.com,2473427995,Tubalan,1992-01-29
Celesta,Bluschke,cbluschke16@yahoo.co.jp,5407228779,Prilep,1992-03-25
Brigid,Figgures,bfiggures17@amazon.co.jp,6097570782,Bohou,1994-05-08
Mechelle,Abramino,mabramino18@reuters.com,2213861233,San Silvestre,1967-08-24
Pansy,Bax,pbax19@zimbio.com,9291885173,Pogórze,1998-07-10
Mead,Knutsen,mknutsen1a@deviantart.com,7415267515,Khōshī,1993-07-26
Calypso,Gilbey,cgilbey1b@cornell.edu,1379301856,Nawá,1992-01-25
Genna,Reihm,greihm1c@livejournal.com,1937133603,Duma,1984-06-13
Lucien,Ogelbe,logelbe1d@booking.com,9002967667,Granadero Baigorria,1984-11-28
Maureen,Ellice,mellice1e@geocities.com,7675862413,Garupá,1976-06-21
Katherina,Kinver,kkinver1f@1und1.de,9121820631,Orahovica Donja,1981-02-17
Thomasa,Dowdle,tdowdle1g@e-recht24.de,8406882395,Putang,1973-04-04
Rhett,Wyndham,rwyndham1h@theatlantic.com,7647110840,Qingshui,1991-03-30
Sarene,Gilchriest,sgilchriest1i@biblegateway.com,6513693834,København,1972-04-13
Blondell,McDell,bmcdell1j@google.fr,2931285735,Gowarczów,1976-05-28
Adah,Clerke,aclerke1k@vinaora.com,1005618705,Madrid,1969-07-10
Shandee,Caldecott,scaldecott1l@microsoft.com,3586194474,Dianfang,1999-02-14
Jeannine,Corde,jcorde1m@pcworld.com,6802007314,Sámara,1988-11-28
Jessamyn,Scampion,jscampion1n@qq.com,7571011340,Norfolk,1995-01-26
Keefer,Beacock,kbeacock1o@china.com.cn,6756393076,Hŭngnam,1973-02-23
Demetri,Duferie,dduferie1p@zimbio.com,7091188196,Parajara,1980-02-11
Mei,Hamner,mhamner1q@zdnet.com,1996074394,Cervantes,1990-01-04
Barde,Alishoner,balishoner1r@ehow.com,8364754511,Heting,1999-12-22
Halley,Meardon,hmeardon1s@unc.edu,4614684106,Černý Most,2000-01-06
Dew,Reide,dreide1t@goodreads.com,6563016054,Adamantina,1973-11-06
Rebbecca,Hassent,rhassent1u@paginegialle.it,5004243214,Yŏnggwang-ŭp,1981-03-07
Pauly,Karlik,pkarlik1v@reference.com,3417964485,Basa,1971-07-23
Isahella,Maus,imaus1w@pcworld.com,6274484608,Sukaharja,1987-09-17
Cly,Clemendet,cclemendet1x@icq.com,6659261082,Pazin,1998-02-09
Raffaello,Desorts,rdesorts1y@livejournal.com,3203152442,Farroupilha,1976-12-29
Carrie,Eastbury,ceastbury1z@princeton.edu,6611662160,Alençon,1991-01-25
Kary,Rawcliff,krawcliff20@cornell.edu,8411670320,Bojongloa,1977-01-18
Armando,Trosdall,atrosdall21@about.me,8126994992,Terre Haute,1994-07-19
Zara,Ozanne,zozanne22@indiegogo.com,1382796051,Káto Miliá,1967-01-18
Elva,Basten,ebasten23@biblegateway.com,5145233580,Tabira,1980-03-12
Quincey,Hawkridge,qhawkridge24@weather.com,7026802957,Thị Xã Lai Châu,1974-07-17
Francene,Loding,floding25@ebay.co.uk,3024891539,Pato-o,1967-10-04
Amalle,Gillett,agillett26@hugedomains.com,8248345168,Peyima,1982-06-15
Viv,Eastwood,veastwood27@example.com,1697394434,Aygavan,1967-06-21
Abbott,Christall,achristall28@dion.ne.jp,9491288610,Razumnoye,1975-02-08
Niven,Glowinski,nglowinski29@shutterfly.com,5737995348,Roma,1990-05-25
Mollie,Anand,manand2a@answers.com,5947437071,Yangdun,1979-12-07
Derrick,Vittery,dvittery2b@pen.io,5277736982,Zawiya,1976-10-20
Karleen,Garthshore,kgarthshore2c@i2i.jp,4903468591,Burqah,1995-04-06
Dario,Grainge,dgrainge2d@blog.com,3921908946,Ārt Khwājah,1984-03-23
Lauralee,Ivie,livie2e@ifeng.com,4504484441,Inta,1996-10-23
Granthem,Tutchener,gtutchener2f@dedecms.com,2145022978,Cherryville,1999-06-03
Orelee,Holleran,oholleran2g@theatlantic.com,1731668788,Iparia,1979-05-10
Terese,McGinnell,tmcginnell2h@spotify.com,4105550663,Pitumarca,1981-01-25
Delmor,Shillabear,dshillabear2i@qq.com,1328735460,Rokytne,1992-07-10
Andeee,Clulow,aclulow2j@dell.com,8147764968,Xifangcheng,1974-08-20
Haskel,Gore,hgore2k@mapy.cz,1071764537,Medeiros Neto,1976-08-04
Carlyn,Knowlton,cknowlton2l@cnn.com,8354598975,Madrid,1985-10-30
Patton,Gosart,pgosart2m@amazon.com,7927633304,Malabonot,1996-03-07
Marcelle,Dudleston,mdudleston2n@globo.com,3312284124,Songea,1979-11-29
Maisie,Blevin,mblevin2o@weebly.com,1527443730,Lubango,1988-05-25
Kenton,Ruegg,kruegg2p@netvibes.com,8618242813,Speightstown,1981-03-18
Waylin,Bloxsom,wbloxsom2q@prweb.com,2022948980,Washington,1991-07-08
Jacquenette,Berndt,jberndt2r@trellian.com,2938973713,Naschel,1990-10-21
Leontyne,Soan,lsoan2s@abc.net.au,3708852103,Xinpu,1968-02-27
Thoma,Sabater,tsabater2t@exblog.jp,8203614717,Doña Remedios Trinidad,1977-02-11
Feliza,Sked,fsked2u@disqus.com,8147471832,Ciranca,1983-10-30
Lynna,Farmiloe,lfarmiloe2v@ucsd.edu,1238222294,Tianzhuang,1972-10-01
Eleanora,Pouck,epouck2w@prweb.com,8877374430,Ambanja,1971-05-20
Barbette,Fucher,bfucher2x@epa.gov,7913485549,Rama,1974-04-15
Baldwin,Dionisi,bdionisi2y@blinklist.com,4951803240,Wāling,1971-11-05
Alida,Martschke,amartschke2z@joomla.org,6553195898,Mahdishahr,1979-03-04
Clayborne,Beatson,cbeatson30@feedburner.com,5089263842,Pho Thong,1968-06-15
Kimbell,Maffey,kmaffey31@telegraph.co.uk,6704794781,Mombetsu,1968-12-31
Janey,Warne,jwarne32@shareasale.com,9452126110,Gushan,1998-07-08
Emmet,Snoding,esnoding33@wordpress.org,2819991097,Houston,1991-07-12
Teddy,Blampied,tblampied34@google.com.hk,3472316401,New York City,1993-01-29
Conway,Brailey,cbrailey35@wikia.com,6259473537,Santa Catalina,1975-06-03
Melisent,Cottee,mcottee36@unblog.fr,9394851513,Dushanbe,1970-08-01
Heriberto,Michael,hmichael37@spiegel.de,4697937818,Croix,1982-02-04
Francis,Beaty,fbeaty38@si.edu,2525513972,São João da Barra,1986-07-27
Sherry,Hitschke,shitschke39@vimeo.com,5373355390,Zhelin,1981-03-19
Rodolphe,Knoles,rknoles3a@networkadvertising.org,9516566213,Bogoria,1993-02-16
Raphael,Howard,rhoward3b@hatena.ne.jp,4623897528,Nawu,1969-12-11
Saundra,Rochelle,srochelle3c@adobe.com,3192349126,Amargosa,1977-05-16
Harlie,Behninck,hbehninck3d@redcross.org,9205011726,Menongue,1969-12-22
Dorisa,Jendrach,djendrach3e@google.com.hk,1009392712,Toki,1979-09-01
Fianna,McIlwraith,fmcilwraith3f@sciencedaily.com,3487034596,Alcácer do Sal,1973-04-02
Kendal,Antic,kantic3g@youtu.be,6812278917,Tajumulco,1992-02-22
Willy,Karolyi,wkarolyi3h@bing.com,3622347014,Nangka,1996-10-24
Bobby,Bradder,bbradder3i@stumbleupon.com,9933055115,Krajan,1993-01-22
Fenelia,Hovert,fhovert3j@redcross.org,6728830495,Bugojno,1975-04-15
Giulio,Gerdes,ggerdes3k@tamu.edu,9682811627,Bumbuna,1991-01-27
Leshia,Gheerhaert,lgheerhaert3l@cdc.gov,6718844024,Chadian,1999-05-17
Renaldo,Browning,rbrowning3m@creativecommons.org,7308442156,Quaraí,1993-10-11
Caldwell,Jamieson,cjamieson3n@house.gov,4274142177,Soldato-Aleksandrovskoye,1985-05-22
Newton,Allderidge,nallderidge3o@e-recht24.de,4829937503,Tudela,1995-12-03
Gloria,Spollen,gspollen3p@ted.com,7576671070,Guilherand-Granges,1999-01-04
Marie-ann,Kirrens,mkirrens3q@netlog.com,9438585703,Lendangara Satu,1995-04-03
Chlo,Greenacre,cgreenacre3r@apple.com,3011322824,Guotan,1971-02-13
Jarred,Buckthought,jbuckthought3s@flavors.me,9371659713,Leidian,1984-02-16
Trude,Costin,tcostin3t@dailymotion.com,1752608347,Nuštar,1979-12-17
Wadsworth,Bortoletti,wbortoletti3u@delicious.com,7616426019,Ibshawāy,1983-04-30
Bertram,Bordiss,bbordiss3v@eventbrite.com,5714464236,San Francisco de Macorís,1975-06-08
Tiertza,Belly,tbelly3w@army.mil,8932888179,Codajás,1991-02-20
Aurlie,Currington,acurrington3x@skyrock.com,6849936028,Yanmen,1999-02-12
Roarke,Manuello,rmanuello3y@w3.org,2901425943,Marco de Canaveses,1997-11-06
Shayla,Mabbs,smabbs3z@icio.us,3099617491,Zyablikovo,1995-12-26
Gallagher,Parkes,gparkes40@about.me,2763559282,Cilolohan,1974-06-11
Leroy,Stiff,lstiff41@usgs.gov,5888081373,Mernek,1990-12-22
Julianna,Kaspar,jkaspar42@rakuten.co.jp,8545816833,Cuauhtemoc,1965-09-10
Anders,Lissandre,alissandre43@1688.com,5305066609,Sizao,1990-12-25
Nady,Griffitts,ngriffitts44@arstechnica.com,6014144019,Jackson,1973-11-10
Perle,Louw,plouw45@dot.gov,2218377822,Kyaukse,1995-10-28
Marnia,McKie,mmckie46@i2i.jp,2856368271,Amfíkleia,1990-12-02
Carolina,Tidbald,ctidbald47@barnesandnoble.com,3468031132,Ogod,1979-04-13
Vi,Kitchenham,vkitchenham48@wix.com,9401713108,Obninsk,1966-01-02
Moritz,Spurett,mspurett49@whitehouse.gov,3038124036,Qingshuihe,1995-12-19
Rhea,Tomasek,rtomasek4a@youtu.be,9143238603,Yekimovichi,1975-06-25
Ringo,Argont,rargont4b@npr.org,5416725614,Borowno,1979-12-31
Reidar,Halle,rhalle4c@cnn.com,8289383960,Apongo,1989-05-21
Merrill,Bramah,mbramah4d@tumblr.com,1373989295,Pang,1991-01-01
Killian,Bourrel,kbourrel4e@spotify.com,9408274245,Dimitsána,1981-01-01
Moe,Robecon,mrobecon4f@admin.ch,2378660502,Bhamdoun,1978-09-16
Bernardine,Nannini,bnannini4g@accuweather.com,7797594248,Dobri Dol,1971-10-28
Chelsea,Meachem,cmeachem4h@shop-pro.jp,9439828969,Ad Dawḩah,1975-05-26
Sena,McIlhone,smcilhone4i@amazon.de,4739615141,Grzęska,1970-03-15
Franky,Andreotti,fandreotti4j@yandex.ru,2499275042,Ciasna,1990-09-04
Katheryn,Costa,kcosta4k@fotki.com,2874993052,Januária,1975-10-10
Nerti,Goodley,ngoodley4l@usnews.com,9506357480,Josefův Důl,1992-07-28
Farand,Capin,fcapin4m@slashdot.org,5516538507,Maní,1998-02-07
Dew,Rizzi,drizzi4n@google.com.hk,7557056043,Urdaneta,1983-08-03
Maurizia,Rouse,mrouse4o@yolasite.com,5344808245,Castellon De La Plana/Castello De La Pla,1983-09-25
Anestassia,Chagg,achagg4p@ezinearticles.com,1732420940,Dembéni,1974-11-08
Burty,Strase,bstrase4q@admin.ch,7056891205,Zhuangshi,1994-11-24
Hastie,Layland,hlayland4r@businesswire.com,4245589350,Walagar,1995-08-18
Dante,Manifold,dmanifold4s@hibu.com,2144900468,Huallanca,1993-11-14
Ertha,Warn,ewarn4t@amazonaws.com,4271249444,Gachancipá,1978-12-23
Wernher,Critchley,wcritchley4u@wikimedia.org,3266204573,Roches Noire,1994-07-21
Joeann,MacAvddy,jmacavddy4v@ca.gov,1068817373,North Shore,1984-01-18
Renae,Velte,rvelte4w@who.int,8361655512,Guchang,1980-11-25
Vivia,Matthewes,vmatthewes4x@dyndns.org,7947903547,Korotych,1966-02-16
Sara-ann,Mitchel,smitchel4y@samsung.com,5492198069,Arkhaía Kórinthos,1965-10-11
Nobe,Clac,nclac4z@wired.com,2883477089,Ngulung Wetan,1985-10-01
Rahal,Wykes,rwykes50@usnews.com,1021018553,Grand Bank,1974-02-11
Korney,Monteath,kmonteath51@admin.ch,4063832889,Río Gallegos,1975-08-05
Irma,Sheen,isheen52@unblog.fr,4284266037,Proptisht,1976-01-09
Tim,Hydes,thydes53@flickr.com,7828348276,El Monte,1976-06-01
Cort,Boswood,cboswood54@mozilla.com,2308669864,Khuean Ubonrat,1985-02-16
Toddy,Rideout,trideout55@godaddy.com,6418975228,São Bento,1985-10-09
Grethel,Stacy,gstacy56@github.com,4301591273,Añelo,1971-04-23
Ginger,Blackster,gblackster57@whitehouse.gov,4054041245,Konosha,1977-12-31
Arvin,Klaas,aklaas58@etsy.com,4956293798,Jejkowice,1978-04-27
Arnold,Sinkins,asinkins59@gizmodo.com,2515888342,Xiaoshi,1986-09-07
Pam,Miall,pmiall5a@apple.com,5018549631,San Casimiro,1980-08-11
Doro,Thewys,dthewys5b@themeforest.net,9956321081,Bokino,1987-03-01
Christoffer,Markovich,cmarkovich5c@xing.com,8901639506,Cabiao,1994-11-04
Annamaria,Rainforth,arainforth5d@who.int,1592099629,Burujul,1984-07-16
Lind,Mulvin,lmulvin5e@usda.gov,3689019225,Río Segundo,1994-06-15
Rockie,Proudley,rproudley5f@sogou.com,8685260207,Sakharovo,1997-02-27
Lotty,Nemchinov,lnemchinov5g@uiuc.edu,7677613430,Kaya,1972-07-24
Jessy,Farnish,jfarnish5h@loc.gov,1621833596,Zaragoza,1969-02-05
Aloysius,Le febre,alefebre5i@youku.com,6022018609,Phoenix,1980-12-25
Dorian,Winterscale,dwinterscale5j@telegraph.co.uk,6264206306,Pasadena,1966-02-12
Jody,Derr,jderr5k@t.co,4304717777,Longtian,1983-04-07
Theresa,Hubert,thubert5l@google.com.hk,1798812354,Jarigue,1970-03-16
Horatia,Strutz,hstrutz5m@wufoo.com,1922005007,Xiachengzi,1976-05-16
Pete,Langhor,planghor5n@gizmodo.com,9681963338,Sabnie,1993-08-17
Rutger,Ausello,rausello5o@linkedin.com,7218737514,Sun Kunda,1991-10-27
Ilaire,Whimper,iwhimper5p@twitpic.com,8141759642,El Carmen,1987-11-23
Barbi,Commuzzo,bcommuzzo5q@prlog.org,1306511277,Guanabacoa,1995-07-06
Dmitri,Passey,dpassey5r@quantcast.com,3349903520,Bukovec,1972-07-22
Kalle,Maletratt,kmaletratt5s@example.com,3091997244,Currais Novos,1969-11-02
Brucie,Thumim,bthumim5t@rediff.com,3295738526,Ilinden,1992-03-27
Bunny,Chittey,bchittey5u@exblog.jp,9596988179,Trondheim,1995-08-05
Maxim,MacSharry,mmacsharry5v@cbsnews.com,2622950709,Richmond,1979-11-18
Chrissie,Langeren,clangeren5w@mediafire.com,1372073733,Franca,1987-08-05
Roderigo,Keay,rkeay5x@nifty.com,9491019251,Kherson,1993-06-25
Susanne,Jenno,sjenno5y@phoca.cz,8223223508,Cabricán,1997-02-02
Zack,Schimann,zschimann5z@wisc.edu,8143041163,Kirawsk,1978-11-08
Creigh,Steer,csteer60@bloomberg.com,4625515286,Xinhua,1988-03-30
Timothy,Suller,tsuller61@wikispaces.com,6236508557,Taoyuan,1968-09-10
Oliver,Gredden,ogredden62@fda.gov,7169369677,Trawniki,1971-11-08
Frants,Teal,fteal63@nymag.com,9174919539,Tangzhai,1980-01-09
Whitney,Sudlow,wsudlow64@soup.io,3224558178,Jianghai,1971-08-22
Mellisent,Demicoli,mdemicoli65@geocities.jp,4657261057,Xinquansi,1979-10-26
Rubia,Ludvigsen,rludvigsen66@comcast.net,7546379902,Qiantang,1976-10-23
Emelina,Hazelgrove,ehazelgrove67@examiner.com,7666136645,Nikki,1988-09-13
Corilla,Chaplyn,cchaplyn68@techcrunch.com,3109402235,Cernache do Bonjardim,1970-09-23
Denna,Anchor,danchor69@china.com.cn,9164915273,Girey,1989-07-19
Katti,Francklin,kfrancklin6a@vimeo.com,8608903776,Ningxi,1969-12-28
Prentice,McEvilly,pmcevilly6b@tumblr.com,5471690955,Weiqi,1994-08-01
Marje,Brahan,mbrahan6c@telegraph.co.uk,7374652456,Rokem Barat,1994-05-01
Rosanna,Sellack,rsellack6d@barnesandnoble.com,9317246416,Lagoa da Prata,1978-05-26
Gertie,Hathway,ghathway6e@aol.com,5704655655,La Mohammedia,1994-09-05
Manolo,Cogar,mcogar6f@samsung.com,6124318952,Minneapolis,1986-08-11
Peter,Bayly,pbayly6g@amazon.de,6606172105,Cangshan,1980-11-27
Yorgo,McSperrin,ymcsperrin6h@adobe.com,9145989441,Muonio,1976-08-04
Feliks,Brownill,fbrownill6i@yahoo.com,2533357799,Aţ Ţurrah,1976-12-23
Marthe,McNickle,mmcnickle6j@homestead.com,6425006084,Sadao,1969-06-16
Eilis,Menchenton,emenchenton6k@reference.com,4259183501,Yafan,1991-01-06
Harriott,Peaddie,hpeaddie6l@goo.gl,7015010279,Rawawilis,1996-01-22
Zechariah,Tineman,ztineman6m@mtv.com,4341628824,La Banda,1997-06-09
Nanice,Rowling,nrowling6n@omniture.com,2387064304,Tmourghout,1994-12-23
Andy,Eleshenar,aeleshenar6o@lulu.com,7835316020,Krzeczów,1965-08-06
Lane,Hatrick,lhatrick6p@multiply.com,7746072099,Jinquan,1990-02-09
Loydie,Weatherell,lweatherell6q@abc.net.au,1064630973,Verin Dvin,1979-09-06
Issiah,Shercliff,ishercliff6r@unblog.fr,2949264761,Ad Darbāsīyah,1985-05-20
Rebeca,Brightling,rbrightling6s@ted.com,2714267886,Donghuang,1989-10-02
Perry,Twaite,ptwaite6t@biglobe.ne.jp,4188196389,Kępice,1990-05-16
Renie,Statter,rstatter6u@toplist.cz,7207868453,Ariguaní,1989-07-19
Nobie,Jakubiak,njakubiak6v@goodreads.com,3394898960,Pedrulheira,1981-09-20
Elvin,Gallichan,egallichan6w@instagram.com,1078779468,Hailin,1999-02-10
Kenna,Bovingdon,kbovingdon6x@com.com,5067660902,Prantaan,1974-06-24
Ferguson,Eisikovitsh,feisikovitsh6y@kickstarter.com,4566661837,Xilu,1995-01-16
Bond,Biernat,bbiernat6z@rediff.com,7921000460,Roma,1990-01-28
Lizbeth,Cochern,lcochern70@prnewswire.com,3704672096,Sleman,1983-08-29
Sergei,Eallis,seallis71@imgur.com,6314723679,Quime,1966-08-24
Hercule,Flag,hflag72@mail.ru,5228098863,Jiudu,1973-09-29
Bryanty,Joderli,bjoderli73@dion.ne.jp,6803787891,Groningen,1985-04-03
Stefanie,Bramley,sbramley74@reference.com,9214225791,Ruma,1981-08-16
Karol,Blemen,kblemen75@is.gd,2574999675,Tarui,1993-10-18
Ulrick,Benes,ubenes76@shareasale.com,5327809224,Abovyan,1965-07-17
Anatol,Diwell,adiwell77@goo.ne.jp,2157812987,Al Jadīd,1991-11-28
Iggy,Lampett,ilampett78@wikispaces.com,4518861104,Jiusi,1998-12-29
Allsun,Morden,amorden79@issuu.com,2884102498,Thap Than,1978-09-01
Pauli,Lindsley,plindsley7a@archive.org,6722146398,Lingyang,1992-04-23
Baudoin,Skelhorn,bskelhorn7b@hc360.com,9016805149,Oni,1995-03-14
Thedrick,Jiruch,tjiruch7c@craigslist.org,8562363275,Gouveia,1977-02-28
Shadow,Glassborow,sglassborow7d@marketwatch.com,9634729516,Ujazd,1985-10-01
Edik,Sleit,esleit7e@globo.com,6026356362,Satsumasendai,1978-08-19
Helen,Carnew,hcarnew7f@cornell.edu,1255649560,Salaš Crnobarski,1968-02-07
Adele,Sedcole,asedcole7g@gov.uk,8635768645,Al Ḩawātah,1984-11-16
Stoddard,Kornyshev,skornyshev7h@shinystat.com,5003102515,Крива Паланка,1996-07-04
Carie,Quantrell,cquantrell7i@patch.com,1281464996,Kokubunji,1986-05-21
Pet,Banfield,pbanfield7j@dailymotion.com,1765867208,Putina,1970-09-07
Wrennie,Aymer,waymer7k@infoseek.co.jp,9698571148,Glinojeck,1983-06-25
Dulcy,McKintosh,dmckintosh7l@behance.net,3963490029,Huangban,1997-01-13
Charity,Carmo,ccarmo7m@woothemes.com,6476931922,Đắk Glei,1984-01-10
Jacintha,Lindley,jlindley7n@aol.com,7327970796,Bauru,1994-03-15
Merrilee,Edinborough,medinborough7o@scientificamerican.com,4527312324,Smarhon’,1970-08-08
Bartlett,Paddick,bpaddick7p@amazonaws.com,4129615107,Tanzybey,1984-07-23
Townsend,Pernell,tpernell7q@dmoz.org,4111656663,Barranqueras,1999-10-09
Fidel,Howell,fhowell7r@baidu.com,5016287044,Buga,1981-11-01
Marie-ann,Cantopher,mcantopher7s@sourceforge.net,4247151833,Sukamulya,1986-07-17
Shelagh,Sultan,ssultan7t@multiply.com,3727043576,Sotomayor,1991-07-15
Lianna,Chucks,lchucks7u@dropbox.com,1664532617,Qiqian,1982-09-18
Lorain,Allport,lallport7v@tinyurl.com,2087256179,Rantau,1984-04-06
Danell,Burdon,dburdon7w@wordpress.com,4618216034,Shuanggang,1967-02-20
Malena,Grasser,mgrasser7x@com.com,1261456870,Zalanga,1971-09-09
Elissa,Kelledy,ekelledy7y@yahoo.com,3502852475,Kolaka,1985-09-18
Brice,Sawell,bsawell7z@nifty.com,3034202500,Aurora,1971-04-10
Lalo,Edmeads,ledmeads80@newyorker.com,9981047167,Tallkalakh,1991-09-17
Gerhard,Habershon,ghabershon81@squidoo.com,8472264926,Spas’ke,1971-06-09
Tasia,Kinker,tkinker82@nationalgeographic.com,4305668778,Chengqiao,1994-08-09
Andre,Dodle,adodle83@scientificamerican.com,7769256079,Shangbahe,1999-04-17
Lorne,Stileman,lstileman84@skyrock.com,2712949279,Si Satchanalai,1976-09-28
Emelita,Mateev,emateev85@springer.com,7165944310,Linmansangan,1970-06-07
Marybelle,Jeffray,mjeffray86@dagondesign.com,9598185075,Jiujiang,1984-10-19
Rubi,Filipic,rfilipic87@buzzfeed.com,7348676244,Lodoyo,1989-09-01
Karlyn,Lorenz,klorenz88@vkontakte.ru,4711324905,Itambacuri,1969-02-10
Kelby,Fowlie,kfowlie89@mapquest.com,8731545635,Mingjing,1984-01-18
Davin,Brucker,dbrucker8a@virginia.edu,7248464809,Vänersborg,1980-12-02
Keeley,Sparkwill,ksparkwill8b@auda.org.au,2404516576,Plumtree,1990-12-21
Addie,Wakelam,awakelam8c@uol.com.br,6816155695,Saint-Amand-les-Eaux,1969-10-25
Mendy,Tubble,mtubble8d@harvard.edu,6629996903,Vale da Bajouca,1986-02-03
Colet,Normanvill,cnormanvill8e@sina.com.cn,5415017117,Lagasit,2000-04-11
Nels,Lording,nlording8f@bigcartel.com,8063493093,Omigawa,1995-12-13
Savina,Lefort,slefort8g@nih.gov,6606424590,Feričanci,1971-10-31
Angelique,Jodlkowski,ajodlkowski8h@unicef.org,5378485221,Punkaharju,1989-02-03
Erina,Mundee,emundee8i@wix.com,4222957197,Leping,1991-08-18
Pammy,Andreu,pandreu8j@goodreads.com,3058669432,Kayu Agung,1986-02-26
Hugh,Childerhouse,hchilderhouse8k@fc2.com,9066700591,Nova Russas,1995-04-02
Nerissa,Phinn,nphinn8l@weebly.com,9895451214,Oodweyne,1983-03-29
Christel,Zink,czink8m@free.fr,6781056210,Ljungby,1974-08-13
Nicole,Barrick,nbarrick8n@storify.com,3165975567,Chenzhuang,1965-08-10
Stevena,Cuffley,scuffley8o@hexun.com,2367429902,Mahaica Village,1998-05-29
Roana,Adshede,radshede8p@fda.gov,7894063824,Al Qanāwiş,1967-02-17
Keary,Horry,khorry8q@thetimes.co.uk,9531959537,Calachuchi,1972-08-10
Alethea,Ruskin,aruskin8r@squarespace.com,6617572160,Talok,1976-10-28
Pierce,Perkinson,pperkinson8s@eepurl.com,7952833390,Áyios Yeóryios,1965-12-23
Chiarra,Gres,cgres8t@netscape.com,8502244191,Monaragala,1965-12-23
Gavra,Shimuk,gshimuk8u@posterous.com,4903795310,Kizel,1972-06-24
Mirabel,Bispo,mbispo8v@cnbc.com,7511140182,Bulbul,1992-10-29
Horatius,Gallanders,hgallanders8w@cisco.com,5284502760,Whitegate,1973-01-24
Damaris,Agney,dagney8x@wix.com,6581144478,Kananya,1995-07-19
Merlina,Oseland,moseland8y@51.la,6291665926,Göteborg,1973-01-13
Gabrielle,Smedmoor,gsmedmoor8z@yale.edu,4539568526,Češinovo,1977-06-05
Mignonne,Orniz,morniz90@com.com,8018417184,Kiaranonggeng,1969-08-24
Cello,Sharrocks,csharrocks91@stanford.edu,2973377734,Paris 15,1986-01-05
Adaline,Painter,apainter92@google.com,2429626938,Ostrowsko,1997-04-14
Godfrey,Mouan,gmouan93@netscape.com,6496395180,São Bento,1996-03-20
Dagmar,McColley,dmccolley94@linkedin.com,1832498029,Łubowo,1967-12-09
Bourke,Jehu,bjehu95@macromedia.com,6819528072,Trần Văn Thời,1979-03-09
Carlos,Hasley,chasley96@topsy.com,6099466344,Trenton,1990-10-29
Jannelle,Dagless,jdagless97@cam.ac.uk,7961333484,Sharïngol,1992-08-14
Sheff,Garvey,sgarvey98@facebook.com,7067051844,La Paz,1965-12-29
Neal,Applebee,napplebee99@vistaprint.com,7563398147,Neepawa,1985-02-09
Lee,Yarker,lyarker9a@ihg.com,6738675223,Năm Căn,1973-08-28
Clareta,Prester,cprester9b@amazon.de,8683950231,Pasolapida,1976-06-30
Tessa,Kleehuhler,tkleehuhler9c@reddit.com,1481959132,Santa Lucia,1982-03-19
Paula,Dixon,pdixon9d@cnbc.com,8809862248,Vilppula,1978-11-22
Glenn,Gasgarth,ggasgarth9e@fastcompany.com,1455772873,Bistrinci,1974-03-01
Cherida,Hunstone,chunstone9f@sun.com,1521940523,Huazhaizi,1969-11-09
Franklyn,Caris,fcaris9g@ucsd.edu,5198282455,Dongxin,1985-05-30
Cliff,Anfosso,canfosso9h@nationalgeographic.com,9146376016,Cái Nhum,1970-05-07
Claudelle,Hovert,chovert9i@hao123.com,4678650001,Quemú Quemú,1974-01-27
Loretta,Penvarne,lpenvarne9j@ihg.com,3083565036,Baoxia,1983-05-26
Corby,Bautiste,cbautiste9k@topsy.com,9284979497,Anjani Barat,1985-01-10
Margot,Huston,mhuston9l@wikipedia.org,9555576127,Milanów,1975-07-05
Ennis,Antuoni,eantuoni9m@diigo.com,5607406831,Aranguren,1975-04-09
Bev,Cheverton,bcheverton9n@ifeng.com,4366742590,Mathakola,1989-11-30
Aurlie,Peatheyjohns,apeatheyjohns9o@mediafire.com,4959209710,Qırmızı Samux,1988-06-22
Birk,Gwatkins,bgwatkins9p@fema.gov,7604212388,Kebonagung,1980-07-13
Leigha,Echallie,lechallie9q@state.gov,7108631688,Sibaté,1969-04-03
Milli,Garrity,mgarrity9r@reuters.com,5973535648,Moyogalpa,1996-10-31
Kristen,Kaesmakers,kkaesmakers9s@webnode.com,5496843165,Spárti,1991-12-29
Desdemona,Akhurst,dakhurst9t@china.com.cn,2832412031,Spétses,1981-01-23
Kenton,Alessandrucci,kalessandrucci9u@smugmug.com,1942311540,Xinhang,1996-02-29
Matthias,Jaskiewicz,mjaskiewicz9v@arstechnica.com,8215481671,Sambirejo,2000-05-07
Craig,Redmille,credmille9w@illinois.edu,6054367163,Pogwizdów,1984-11-27
Wilmar,MacCurlye,wmaccurlye9x@unesco.org,7468474846,Xingcheng,1990-11-14
Louise,Van der Merwe,lvandermerwe9y@bigcartel.com,1575646661,Agía Triáda,1998-10-06
Drucy,Auty,dauty9z@tumblr.com,1957774680,Fredrikstad,1979-08-02
Janet,Gingedale,jgingedalea0@elpais.com,2806329562,San Cristóbal,1981-12-30
Townsend,Corday,tcordaya1@state.tx.us,7269748969,Pilníkov,1968-07-06
Ethelda,Hamal,ehamala2@xing.com,1788385352,Manuel Cavazos Lerma,1997-08-13
Lesley,Lehr,llehra3@gov.uk,3307437913,Melekyne,1989-04-07
Jorgan,Gunningham,jgunninghama4@angelfire.com,8052176341,Dalongzhan,1973-09-15
Kit,Bagg,kbagga5@uiuc.edu,2475019410,Linqu,1971-09-27
Lesley,Longden,llongdena6@nydailynews.com,4073602845,Orlando,1994-06-07
Xylina,Heathcott,xheathcotta7@wunderground.com,3135617760,Tonekābon,1998-04-18
Pearla,Sherrum,psherruma8@altervista.org,7409910475,Cingambul,1982-04-18
Erastus,Le Brum,elebruma9@upenn.edu,6591816311,Alacaygan,2000-01-29
Rowe,McMorran,rmcmorranaa@webnode.com,1894191044,Fenhe,1965-08-11
Durante,Diess,ddiessab@alibaba.com,7582421696,Maglaj,1968-12-31
Lois,Bramsen,lbramsenac@hud.gov,6857411164,Houjia,1990-11-09
Dorice,Stuckes,dstuckesad@networksolutions.com,8052924994,Nýřany,1981-11-23
Norri,Kingcott,nkingcottae@bloglovin.com,7524132608,Kyoto,1980-04-24
Solly,Vivians,sviviansaf@smugmug.com,7415456120,Betulia,1987-10-17
Jillene,Decroix,jdecroixag@time.com,2826725937,Gonghe,1996-07-10
Flory,Fogg,ffoggah@parallels.com,5072093154,Metu,1984-06-27
Osbourn,Dudson,odudsonai@storify.com,8772521962,Jeżów Sudecki,1977-12-06
Nesta,Launchbury,nlaunchburyaj@theatlantic.com,9083384238,Onsŏng,1977-06-14
Jemima,Baswall,jbaswallak@google.fr,6489756218,At-Bashi,1967-03-26
Janine,Ferriman,jferrimanal@rediff.com,4379113816,Líbano,1988-10-07
Marlo,Songust,msongustam@blinklist.com,9361968953,Nginjen,1967-03-09
Holmes,Gerred,hgerredan@oracle.com,2552781611,Asbest,1993-11-07
Leo,Kennefick,lkennefickao@qq.com,9721055417,Marseille,1992-05-18
Kale,Melland,kmellandap@vistaprint.com,6407048498,Krasne,1999-11-16
Bondon,Bleyman,bbleymanaq@jugem.jp,4187507325,Nouvelle France,1971-05-24
Gaspard,Ryde,grydear@arstechnica.com,9626045425,Zaindainxoi,1988-08-14
Sherlocke,Bonsul,sbonsulas@cloudflare.com,2202829506,Mitrópoli,1998-04-07
Mireielle,Gehringer,mgehringerat@prweb.com,4949256088,San Juan,1974-08-30
Harlin,Johanchon,hjohanchonau@istockphoto.com,8692752990,Aco,1971-07-05
Bucky,Kelsall,bkelsallav@un.org,8509851945,Yamaranguila,1980-10-01
Devy,Spring,dspringaw@ustream.tv,3404324317,Al Başrah,1998-06-17
Jarrid,Giannini,jgianniniax@google.ca,3991174996,Mollas,1975-07-06
Rosalia,Vignaux,rvignauxay@engadget.com,5195988069,Montinho,1980-05-20
Corette,Ghilardi,cghilardiaz@jimdo.com,9352730989,Mulhouse,1995-09-24
Dru,Free,dfreeb0@people.com.cn,1333963491,Antabamba,1968-01-16
Bennett,McGookin,bmcgookinb1@about.com,1451455414,Mandaue City,1973-06-08
Karlotte,Heinig,kheinigb2@freewebs.com,3528148957,Campraksanta,1981-08-07
Tracey,Galpen,tgalpenb3@examiner.com,5281462237,Oslob,1996-05-25
Viviyan,Boggish,vboggishb4@answers.com,8565194631,Tomepampa,1975-05-21
Ceil,Lodin,clodinb5@gravatar.com,8354166833,Malita,1999-09-09
Ferrel,Giraudeau,fgiraudeaub6@seesaa.net,6198952171,Shuixi,1973-06-14
Christy,Knott,cknottb7@alibaba.com,2858518408,Birigui,1978-05-15
Annalee,Hazeman,ahazemanb8@cam.ac.uk,5744519434,Geumpang,1972-04-22
Constancy,Cray,ccrayb9@woothemes.com,4523530238,Taiba,1991-09-27
Kenon,Bailles,kbaillesba@yellowpages.com,4937236307,Lubuagan,1991-06-01
Stanton,Smalridge,ssmalridgebb@yahoo.com,3151029671,Kunting,1998-11-19
Gertruda,Filpo,gfilpobc@wikispaces.com,3179217140,Linjiang,1975-12-22
Jillana,Lawtie,jlawtiebd@blogger.com,8796654925,Dzaoudzi,1969-01-03
Celisse,Duffitt,cduffittbe@dell.com,1095430680,Telsen,1988-04-05
Suzette,Curnnok,scurnnokbf@intel.com,2701322183,Mandesan,1966-05-03
Gerry,Durram,gdurrambg@npr.org,4737382632,Burnham,1997-01-08
Leanor,Jeremaes,ljeremaesbh@discovery.com,9128560137,Maraial,1976-08-18
Shurlocke,Balharry,sbalharrybi@sciencedirect.com,2847672032,Fajsławice,1998-04-26
Amye,Colgrave,acolgravebj@ovh.net,4877783937,Port Barton,1984-10-29
Veronika,Terren,vterrenbk@bigcartel.com,9542673223,Monte Novo,1996-01-13
Ketty,Tomasino,ktomasinobl@nba.com,8396810103,Yafran,1966-05-13
Ambrosius,Moubray,amoubraybm@altervista.org,9454830542,Avignon,1970-06-05
Siegfried,Carnilian,scarnilianbn@latimes.com,5769971360,Cluses,1973-10-01
Hobie,Stanney,hstanneybo@angelfire.com,1886361913,Phanna Nikhom,1985-01-12
Tim,Callaby,tcallabybp@ow.ly,5118908562,Nyköping,1981-12-17
Walsh,Longland,wlonglandbq@netvibes.com,1459753246,Kondangrege,1965-10-15
Dalton,Cristofaro,dcristofarobr@tripadvisor.com,7028545526,Pedinó,1972-02-02
Claribel,Cawdron,ccawdronbs@youku.com,7165053442,Oesapa,1991-11-12
Faun,Opie,fopiebt@google.nl,7855134259,Yashiro,1987-01-08
Angelico,Geharke,ageharkebu@skyrock.com,3073050807,Beishan,1992-08-04
Harmony,Picardo,hpicardobv@mozilla.org,4248784647,Muzi,1991-05-07
Gerhardt,Dani,gdanibw@bandcamp.com,9645091469,Baishuitan,1981-06-13
Guillaume,Frostdyke,gfrostdykebx@latimes.com,9688763025,Nagrog Wetan,1992-04-30
Griselda,Jacklings,gjacklingsby@tinypic.com,7183301359,Đoan Hùng,1966-02-14
Gilles,Rothchild,grothchildbz@google.com.au,7702100682,Tønsberg,1998-01-17
Kellen,Rhys,krhysc0@blogs.com,7937516607,Chom Bueng,1978-01-12
Reg,Weedenburg,rweedenburgc1@miitbeian.gov.cn,5131793193,Cincinnati,1986-10-22
Chucho,Berka,cberkac2@weebly.com,8968348525,Horad Barysaw,1970-09-04
Holly-anne,Baudet,hbaudetc3@usnews.com,2178006189,Champaign,1999-05-20
Rory,Oxtaby,roxtabyc4@is.gd,7031701266,Pásion,1997-09-27
Marmaduke,Halton,mhaltonc5@clickbank.net,6339997408,Masatepe,1968-10-08
Erhard,Elie,eeliec6@google.com.br,4726600971,Massawa,1979-12-14
Cameron,Heersema,cheersemac7@amazonaws.com,4578953429,Xiaocun,1989-11-03
Burch,McPeeters,bmcpeetersc8@geocities.com,6372746515,Pargas,1997-07-09
Corbett,Canero,ccaneroc9@usa.gov,3439528777,Hamburg Sankt Pauli,1992-04-23
Dorise,Deener,ddeenerca@mlb.com,3955507215,Ban Ko Lan,1973-07-02
Brander,Crennell,bcrennellcb@xinhuanet.com,5387214785,Kuźnia Raciborska,1980-08-29
Elsbeth,Probet,eprobetcc@sohu.com,6635170714,Huanghu,1999-04-05
Normie,Driuzzi,ndriuzzicd@nba.com,1036159987,Blyznyuky,1974-01-20
Tann,Liptrot,tliptrotce@bandcamp.com,1461487312,Padaan,1994-12-18
Wallache,Itzakovitz,witzakovitzcf@ucoz.com,1152926926,Ōfunato,1996-10-09
Saundra,Crome,scromecg@chronoengine.com,6831653723,Wangtuan,1986-06-23
Tamara,Nusche,tnuschech@dagondesign.com,5183977922,Chinhoyi,1992-04-21
Minda,Garbutt,mgarbuttci@yahoo.co.jp,2767470461,Kazimierz Dolny,1984-02-25
Shir,Snozzwell,ssnozzwellcj@cpanel.net,2228598529,Yangsa,1982-02-13
Edwin,Hebbron,ehebbronck@seesaa.net,9546136682,Antalaha,1978-05-18
Vern,Bony,vbonycl@statcounter.com,2696928756,Tongda,1987-02-17
Clyve,Downton,cdowntoncm@marketwatch.com,5107459784,Áno Sýros,1971-03-31
Analise,Heggadon,aheggadoncn@typepad.com,4695977340,Quthing,1974-06-22
Leta,Barensky,lbarenskyco@upenn.edu,1845081584,Acarigua,1990-01-19
Rufus,Mobbs,rmobbscp@webeden.co.uk,1359536979,Panguruan,1965-08-14
Tallou,MacMichael,tmacmichaelcq@rakuten.co.jp,4853880954,Sovetskiy,1980-10-05
Wallis,Thrasher,wthrashercr@wufoo.com,5831936117,Dvorichna,1966-01-18
Elihu,Cornhill,ecornhillcs@narod.ru,3823100196,Varberg,1988-02-07
Emmye,Behn,ebehnct@hhs.gov,9882906842,Huabu,1976-09-04
Rebekah,Heinreich,rheinreichcu@tripod.com,3948945276,Kotel’va,1990-07-27
Alan,Makey,amakeycv@paginegialle.it,8855380397,Bordeaux,1982-12-10
Rolland,Leversuch,rleversuchcw@mozilla.org,8521852166,Rennes,1995-01-16
Melva,Doudny,mdoudnycx@yahoo.com,1888397843,Pereiro,1966-12-05
Ulberto,Auckland,uaucklandcy@tiny.cc,9768478344,Qingshanhu,1978-03-04
Berkly,Rosenstock,brosenstockcz@blogger.com,3815716535,Yeoju,1984-05-09
Nona,Spellman,nspellmand0@webeden.co.uk,6894835289,Dobczyce,1992-07-22
Vicki,Craydon,vcraydond1@irs.gov,7452376240,Pochinok,1971-03-11
Chastity,Trask,ctraskd2@usatoday.com,5379251498,Nyūzen,1997-03-29
Allistir,Ayce,aayced3@jiathis.com,6828199679,Marseille,1981-10-30
Norean,Roloff,nroloffd4@sohu.com,7032524252,Na Chueak,1972-02-03
Ealasaid,Kowalski,ekowalskid5@histats.com,5906691637,Santa Rita,1966-04-18
Reggie,Capaldo,rcapaldod6@sun.com,8146390483,Jingchuan,1967-03-02
Floria,Blackhurst,fblackhurstd7@stanford.edu,5718131830,Donghoufang,1989-03-16
Joya,Rhydderch,jrhydderchd8@wisc.edu,5649313745,Arras,1967-10-08
Irwinn,Geldart,igeldartd9@g.co,2526224568,Ciherang,1984-01-07
Derward,Spenceley,dspenceleyda@mapy.cz,4641097047,Mae Ramat,1965-10-16
Ewen,Hasard,ehasarddb@icq.com,9767172266,Charikar,1974-09-24
Nance,Hartopp,nhartoppdc@ow.ly,7768584744,Kekeran,1971-09-01
Tyson,Dumberell,tdumberelldd@rambler.ru,9955536231,Kokkári,1981-02-16
Keri,Joskowitz,kjoskowitzde@biblegateway.com,6858375602,Barotac Viejo,1990-03-29
Blythe,Northridge,bnorthridgedf@usgs.gov,7428492196,La Tuque,1993-06-15
Annmarie,Sellens,asellensdg@java.com,6281313231,Menlou’ao,1978-04-01
Claudia,Dowsey,cdowseydh@wisc.edu,4336905481,Konispol,1992-03-08
Daffi,Goulder,dgoulderdi@sfgate.com,6737968065,Lammi,1982-06-25
Jamil,Kelsey,jkelseydj@google.com.hk,9298892542,Pakembangan,1975-01-10
Sully,Saben,ssabendk@cnn.com,1145323478,Shiyan,1977-02-20
Bessie,Rikkard,brikkarddl@intel.com,4693672204,Ḑawrān ad Daydah,1992-06-13
Blondell,Itzkin,bitzkindm@businessweek.com,5963278402,Changtan,1967-01-22
Con,Yellowlees,cyellowleesdn@cargocollective.com,9519774428,Jiaxing,1993-01-25
Melisande,Rogister,mrogisterdo@microsoft.com,9424376475,Lanot,1969-04-03
Emelen,Penhearow,epenhearowdp@hugedomains.com,3119369311,Yishui,1987-11-02
Ronnica,Gercke,rgerckedq@amazonaws.com,8147534609,Dębno,1981-12-16
Eleonora,Bysouth,ebysouthdr@pinterest.com,1627019119,Toulon,1985-06-30
Quinlan,Heminsley,qheminsleyds@nymag.com,4916774867,Baranowo,1999-03-21
Charin,Froment,cfromentdt@mapquest.com,1321441601,Gorzyczki,1967-05-17
Lindsay,Simmig,lsimmigdu@kickstarter.com,2893993988,Zaslawye,1985-10-11
Dody,Hein,dheindv@engadget.com,7786221059,Mikhaylovsk,1973-12-30
Waylen,Ellsom,wellsomdw@spiegel.de,1584116426,Aldeia,1985-06-01
Barrie,Hartburn,bhartburndx@state.gov,6343594965,Banfora,1967-11-19
Paige,Severns,psevernsdy@shareasale.com,3796537116,Sendai,1981-04-30
Crissy,Stoffersen,cstoffersendz@cam.ac.uk,4586338208,Changpu,1975-03-26
Lesly,Hamm,lhamme0@marriott.com,2052311021,Oslo,1986-11-01
Benedicta,Castanares,bcastanarese1@instagram.com,1855211503,Mojo,1999-07-09
Marv,Riglar,mriglare2@usa.gov,2339732438,Kertai,1997-03-08
Lacie,Stein,lsteine3@pbs.org,1716077916,Fanzeres,1981-05-17
Kelila,Lomansey,klomanseye4@bing.com,8014031998,Bull Savanna,1975-07-12
Irv,Costin,icostine5@constantcontact.com,8374252683,Bykivka,1999-05-12
Morgen,St Angel,mstangele6@prnewswire.com,6524256197,Ovsyanka,1982-07-24
Lynnette,Askew,laskewe7@chicagotribune.com,6023201751,Maintang,1980-09-22
Jodie,Hawkey,jhawkeye8@histats.com,6489196781,Nanqiao,1975-11-21
Sutton,Dockree,sdockreee9@mozilla.org,9279701591,Perepravnaya,1966-08-22
Deedee,Lessmare,dlessmareea@scribd.com,8024975685,Gaoxiang,1973-05-09
Lucretia,Mariaud,lmariaudeb@virginia.edu,1439584087,Ar Rawnah,1997-11-24
Masha,Rowthorne,mrowthorneec@businessweek.com,8874647238,Buenavista,1984-05-31
Vincenty,Lomond,vlomonded@jimdo.com,8961701020,Pomar,1994-08-06
Maximilien,Duferie,mduferieee@sohu.com,3721884069,Gavarr,1996-04-15
Virge,Jado,vjadoef@macromedia.com,1623541750,Marteleira,1991-12-22
Gerladina,Brackenridge,gbrackenridgeeg@google.it,9914359088,Recarei,1976-07-28
Mayor,Jonke,mjonkeeh@webnode.com,1999726746,Svetlograd,2000-05-22
Babara,Houltham,bhoulthamei@youku.com,4305761908,Damaying,1998-03-03
Mason,Sherrington,msherringtonej@eepurl.com,5727740546,Hanjianglu,1981-07-05
Richie,Nicklin,rnicklinek@intel.com,6489537050,Manila,1972-01-15
Andrus,Wollacott,awollacottel@mlb.com,9173105138,Flushing,1973-01-21
Bertrand,Capewell,bcapewellem@issuu.com,6723692718,Gibsons,1971-01-01
Row,Grafhom,rgrafhomen@g.co,7865381109,Toulouse,1970-07-25
Trisha,Sherrington,tsherringtoneo@shop-pro.jp,8501614830,Krajan Dua Dawuan Wetan,1992-09-23
Cathrin,Gilchrest,cgilchrestep@globo.com,4193667180,Falun,1992-01-15
Isak,Pothbury,ipothburyeq@ebay.co.uk,2027124885,Washington,1995-10-19
Christal,Rivett,crivetter@bravesites.com,7439162440,Dulovo,1974-07-17
Wheeler,Letterese,wletteresees@yahoo.co.jp,1291014321,Nārang,1972-02-16
Job,Vinas,jvinaset@howstuffworks.com,7272864903,Xijiang,1999-01-06
Barbette,Lantiffe,blantiffeeu@fc2.com,5533197536,Drachten,1978-08-21
Farah,Mosedill,fmosedillev@home.pl,2875465244,Skotoússa,1974-09-12
Frank,Yell,fyellew@t-online.de,3963918139,Pamiers,1979-10-31
Chiarra,Freshwater,cfreshwaterex@wufoo.com,4693179428,Matou,1966-09-14
Raina,Malkinson,rmalkinsoney@chronoengine.com,2566705632,Valdivia,1968-11-25
Bendix,MacGinney,bmacginneyez@japanpost.jp,6849585160,New Pandanon,1991-05-28
Eliot,Maddaford,emaddafordf0@mayoclinic.com,9936512676,Zhudian,1997-05-21
Brannon,Moyne,bmoynef1@dailymail.co.uk,2907228978,Muramvya,1997-07-12
Tawnya,Petran,tpetranf2@phoca.cz,3669222020,Huaqiao,1989-12-28
Nicko,Mosten,nmostenf3@weather.com,6718249304,Takanini,1999-05-16
Karlene,Yashanov,kyashanovf4@wix.com,6544767518,Itaperuna,1992-06-20
Katharyn,Darleston,kdarlestonf5@dailymail.co.uk,5051365751,Rushanzhai,1985-07-07
Benjy,Matieu,bmatieuf6@bandcamp.com,1094281811,Sundbyberg,1975-02-03
Courtnay,Wiggam,cwiggamf7@51.la,7627409109,San Isidro,1991-05-27
Chiarra,Canner,ccannerf8@nydailynews.com,9366190547,Ivouani,1985-01-01
Shepard,Taverner,stavernerf9@taobao.com,3533680579,Santa Cruz,1980-12-06
Dennis,Kimberley,dkimberleyfa@bloomberg.com,3884656996,Carianos,1968-05-17
Jojo,Matussow,jmatussowfb@wunderground.com,6604629035,Biankouma,1995-11-30
Deedee,Postans,dpostansfc@domainmarket.com,6712210416,Błaszki,1975-08-15
Sibylla,Dunford,sdunfordfd@networksolutions.com,9601802277,Kamenné Žehrovice,1985-05-01
Shandy,Tredwell,stredwellfe@netlog.com,3297891705,Challans,1996-02-01
Karilynn,Bellie,kbellieff@youtu.be,4686517697,Sobreira,1994-03-13
Latisha,Romeril,lromerilfg@ameblo.jp,1778809141,Pirogovo,1990-01-04
Audi,Antuoni,aantuonifh@bravesites.com,5403258627,Alapayevsk,1999-01-02
Dall,Harber,dharberfi@surveymonkey.com,1531732209,Zhusha,1970-09-05
Chad,Steptoe,csteptoefj@privacy.gov.au,7781135761,Hehu,1983-06-05
Perry,Bumphries,pbumphriesfk@theatlantic.com,9677508845,Guangfu,1982-07-27
Marillin,Bleasdale,mbleasdalefl@un.org,1345319979,Legaspi,1976-07-08
Rozalin,De Coursey,rdecourseyfm@skype.com,2544589584,Patarrá,1988-02-09
Skipton,Dumphry,sdumphryfn@vimeo.com,3659923883,San Juan,1968-01-12
Serge,Rawsthorne,srawsthornefo@bizjournals.com,9699657696,Nevel’sk,1976-12-24
Dulcie,Geane,dgeanefp@wufoo.com,4683782102,Sakura,1997-11-29
Hilary,Alphonso,halphonsofq@networkadvertising.org,3516141530,Spassk-Dal’niy,1995-04-12
Abe,Dunican,adunicanfr@miibeian.gov.cn,1685649200,Funehikimachi-funehiki,1972-05-05
Stafford,Mottini,smottinifs@wufoo.com,2054812126,Monte do Outeiro,1998-10-31
Ricoriki,Dowber,rdowberft@creativecommons.org,3024390628,Bandaragung,1995-08-22
Adah,Ledeker,aledekerfu@sakura.ne.jp,4967026144,Xomong,1983-12-03
Sherwynd,Hilary,shilaryfv@privacy.gov.au,9453544932,Arevik,1996-01-27
Trudey,Pringour,tpringourfw@oaic.gov.au,1588703403,Nicolas Bravo,1984-10-10
Morie,Penhaleurack,mpenhaleurackfx@imgur.com,8276202289,Sulęcin,1989-11-08
Washington,Kulicke,wkulickefy@vinaora.com,4685749837,Oslo,1983-09-21
Daron,Woodruff,dwoodrufffz@github.com,7576808589,Eṭ Ṭaiyiba,1979-11-23
Herminia,Burlingham,hburlinghamg0@soup.io,4356771028,Dukhovshchina,1973-12-09
Kalinda,Hazeman,khazemang1@yahoo.co.jp,3501592449,Munde,1994-05-17
Pavla,Wych,pwychg2@biblegateway.com,7246103544,Konakridee,1990-02-08
Welch,Coppens,wcoppensg3@sitemeter.com,4159535691,Franceville,1983-11-18
Osborne,Wildey,owildeyg4@google.com.br,5953293622,Villa Santa Rita,1986-01-06
Dov,Siddele,dsiddeleg5@privacy.gov.au,7817956491,Lindavista,1985-02-03
Miran,Walak,mwalakg6@ycombinator.com,8186992818,Shentang,1990-11-03
Clemmie,Jockle,cjockleg7@sphinn.com,6834035279,Rislane,1993-08-13
Barney,McKerley,bmckerleyg8@cmu.edu,3143687152,Saint Louis,1998-04-20
George,Jeenes,gjeenesg9@economist.com,3248604567,Hroznětín,1996-08-05
Rennie,O'Hogertie,rohogertiega@mashable.com,8475978250,Jayune,1977-04-14
Quintilla,Burberye,qburberyegb@zimbio.com,1715101638,San Bernardo,1991-06-04
Quinn,Verring,qverringgc@acquirethisname.com,7601504735,Burgkirchen,1966-09-23
Dana,Catmull,dcatmullgd@sakura.ne.jp,8521412510,Tsengel,1966-07-17
Haleigh,Malkinson,hmalkinsonge@cbc.ca,1123659406,Kamal,1983-07-25
Mead,Litherland,mlitherlandgf@spiegel.de,3903090690,Lipnica Wielka,1966-04-19
Elnore,Canellas,ecanellasgg@naver.com,5909105381,Klimontów,1968-08-01
Quinn,Player,qplayergh@cbc.ca,9337273516,Isidro Fabela,1966-04-13
Alexandrina,Edlin,aedlingi@hao123.com,2505166344,Dorotea,1994-01-12
Jamima,Lichtfoth,jlichtfothgj@alexa.com,1138278144,Sirib,1971-11-17
Bryna,Robillard,brobillardgk@cloudflare.com,1246784634,Zhongchao,1973-02-06
Myrtice,Storey,mstoreygl@latimes.com,8774421362,Yanmen,1969-10-21
Bartie,Abden,babdengm@comcast.net,3206685611,Tolstoy-Yurt,1992-01-06
Alwyn,Tombleson,atomblesongn@feedburner.com,3493347536,Roubaix,1997-03-25
Rhonda,Petras,rpetrasgo@naver.com,1299334827,Maji,1982-11-03
Tania,Donalson,tdonalsongp@icq.com,9934437725,Deir Ḥannā,1976-09-25
Herb,Regan,hregangq@1688.com,1662984938,El Tránsito,1973-04-02
Simmonds,Pidcock,spidcockgr@omniture.com,8625620307,Kebonsari,1998-06-05
Linoel,Davidson,ldavidsongs@vistaprint.com,6736909748,Rungis,1968-01-11
Saidee,Perse,spersegt@google.com.au,2768878109,Huangguan,1980-09-06
Kristofer,Jaycox,kjaycoxgu@chronoengine.com,5011310577,Gorbunki,1980-11-22
Odelia,Growy,ogrowygv@people.com.cn,7951930937,Sambong,1977-02-24
Sharyl,Darco,sdarcogw@creativecommons.org,1843299486,Dresi Wetan,1972-01-27
Lisetta,Arthur,larthurgx@istockphoto.com,7379236285,Panikian,1977-08-14
Bella,Dunsmuir,bdunsmuirgy@friendfeed.com,1639541006,Irará,1996-01-17
Kirsten,Hiom,khiomgz@intel.com,4137200871,Desamparados,1999-09-20
Bathsheba,Witherspoon,bwitherspoonh0@mediafire.com,1827696782,Dajanrurung,1977-05-29
Nettle,Tribble,ntribbleh1@imageshack.us,5069819733,Maanĭt,1995-07-10
Carena,Hopfer,chopferh2@tuttocitta.it,9274676325,Curahnongko,1968-06-09
Ferdinande,Denge,fdengeh3@marriott.com,5786130910,Sumberbakti,1999-08-21
Ulrick,Jedrzejewicz,ujedrzejewiczh4@ucsd.edu,1481970782,Mrkonjić Grad,1983-07-03
Sarine,Clynman,sclynmanh5@wiley.com,4177099574,Phayuha Khiri,1995-03-26
Cara,Rewcastle,crewcastleh6@wikimedia.org,5112050477,Várzea,1974-12-25
Ashlan,Nevill,anevillh7@artisteer.com,9285032061,Jinjia,1985-07-05
Nata,Van der Baaren,nvanderbaarenh8@harvard.edu,7782798485,Qingxi,1978-09-18
Gertrudis,Waltering,gwalteringh9@mozilla.com,8415800682,Gračanica,1995-12-19
Eldredge,Ever,eeverha@delicious.com,7075256505,Toyoshina,1997-03-01
Anne-corinne,Pawelec,apawelechb@indiegogo.com,7251539356,Maicao,1988-10-31
Patience,Georgievski,pgeorgievskihc@exblog.jp,9327214353,Hotonj,1973-02-18
Innis,Friman,ifrimanhd@auda.org.au,8328678654,Wailiang,1972-01-07
Caryn,Boldt,cboldthe@pagesperso-orange.fr,3698566157,Ruda Maleniecka,1997-03-11
Michale,Lerigo,mlerigohf@state.tx.us,4319626472,Wawa,1995-05-08
Ingaberg,Bernhart,ibernharthg@fema.gov,9352684981,Pandansari,1986-11-26
Morris,Hedon,mhedonhh@ebay.com,6405806588,Simpang Ulim,1977-10-21
August,Moodey,amoodeyhi@whitehouse.gov,4849994173,Gravatá,1970-07-15
Ashli,Shillan,ashillanhj@qq.com,3091019615,Viesīte,1966-02-04
Shawn,Etter,setterhk@google.ru,5312204287,Tietê,1976-09-24
Erastus,Dowtry,edowtryhl@washingtonpost.com,4345042357,Nishishinminato,1993-12-14
Pepita,Kane,pkanehm@miitbeian.gov.cn,1369644455,Megulung,1974-08-17
Norma,Yerrington,nyerringtonhn@umn.edu,6816989924,Gawanan,1971-06-28
Marchelle,Pitrelli,mpitrelliho@umn.edu,5927664267,Seleuš,1970-01-17
Creighton,Gilleson,cgillesonhp@shop-pro.jp,3547741436,Kolç,1968-06-18
Dana,Ruffli,drufflihq@oracle.com,6154319064,Bulod,1995-01-17
Lucky,Saunderson,lsaundersonhr@webeden.co.uk,1719672623,Villa Nueva,1986-03-01
Rodie,Davidov,rdavidovhs@webnode.com,9505622121,Cabaritan East,1968-01-09
Bondon,Moultrie,bmoultrieht@opensource.org,3585218273,Gaowu,1996-11-14
Bob,Goodliffe,bgoodliffehu@sfgate.com,3396931910,Mulyoagung,1991-01-12
Gracie,Bateson,gbatesonhv@google.co.uk,9078308730,Kourou,1991-07-27
Elly,Wrightem,ewrightemhw@youtube.com,8259250868,Kandangsapi,1995-09-17
Dolley,Padley,dpadleyhx@google.com.au,3534965422,Nagqu,1967-05-18
Anastasia,Crowther,acrowtherhy@ted.com,2431574571,Nachalovo,1977-09-17
Neysa,Joysey,njoyseyhz@yahoo.com,3607530342,Marco,1980-05-19
Taylor,Torres,ttorresi0@g.co,5518390368,Nangabulik,1973-12-20
Cairistiona,Gouly,cgoulyi1@prnewswire.com,8909966655,Paço,1989-04-10
Rodrigo,Slayton,rslaytoni2@trellian.com,5333310151,Damascus,1966-09-15
Aida,Derl,aderli3@telegraph.co.uk,1803157480,Miribanteng,1966-03-01
Ginevra,Bierman,gbiermani4@google.com.br,5979513849,Magisterial,1971-09-17
Katrinka,Belly,kbellyi5@intel.com,8889886753,Burgkirchen,1978-07-25
Garrik,Poundesford,gpoundesfordi6@msu.edu,7482484229,Nekhayevskiy,1977-02-28
Gifford,Ecles,geclesi7@weibo.com,5566348403,Tongxing,1993-03-30
Brynna,Lyndon,blyndoni8@ezinearticles.com,7425698530,Kentongan,1997-11-17
Elliott,Godfrey,egodfreyi9@google.it,8599853829,Massy,1993-04-01
Donall,Barde,dbardeia@liveinternet.ru,3114371701,Kertasari,1981-02-06
Dee,Timberlake,dtimberlakeib@miitbeian.gov.cn,2023635129,Washington,1979-12-26
Iormina,Robun,irobunic@mtv.com,7178273301,Isiolo,1996-01-29
Ted,Izac,tizacid@yandex.ru,1065406528,Tsagaandörvölj,1997-04-12
Valery,Brigstock,vbrigstockie@washingtonpost.com,1502026703,Bykhaw,1967-09-14
Clarie,Cuddehay,ccuddehayif@google.de,5445561399,Bayonne,1973-04-04
Renelle,Bulpitt,rbulpittig@usda.gov,5216735803,Pohrebyshche,1986-05-10
Seward,Conrart,sconrartih@deliciousdays.com,4557524506,Rafaḩ,1985-02-07
Lars,Aim,laimii@hatena.ne.jp,7914020706,Jaguariúna,1987-08-13
Jennette,Parkyn,jparkynij@oaic.gov.au,6192031664,Heping,1979-09-08
Dyan,Bernardeau,dbernardeauik@skyrock.com,2656227513,Novorossiysk,1968-03-05
Elden,Franklin,efranklinil@bigcartel.com,7259262190,Thị Trấn Pác Miầu,1983-12-16
Reinold,Vautier,rvautierim@pinterest.com,2723026878,Badou,1970-04-26
Glori,Smillie,gsmilliein@qq.com,9763528985,Chengzhong,1968-12-14
Humberto,Tallowin,htallowinio@google.de,6345854922,Baturyn,1997-12-25
Wiatt,Dreigher,wdreigherip@pinterest.com,5011306152,Cilaja,1999-07-31
Sergei,Dobbins,sdobbinsiq@youku.com,1966722693,Shiwan,1985-02-19
Germaine,Bearcroft,gbearcroftir@sfgate.com,9567323304,Ganquan,1998-04-17
Allister,McKinley,amckinleyis@utexas.edu,1019659911,Sipoholon,1976-06-14
Alexine,Stockdale,astockdaleit@va.gov,9736107898,Tangnanzhen,1973-08-03
Benedick,Leddie,bleddieiu@cmu.edu,6309559908,Miłosław,2000-02-28
Hyacinthe,Mascall,hmascalliv@arizona.edu,2322618485,Sugiharjo,1982-08-16
Sutton,Masters,smastersiw@microsoft.com,9657142206,Jiuhe,1977-03-10
Ewan,Pitcock,epitcockix@yelp.com,5569951464,Muaralabuh,1979-10-21
Dari,Eymor,deymoriy@wiley.com,5197461021,Utara,1991-10-01
Arlyne,Pally,apallyiz@blogs.com,5306734659,Shishan,1967-11-15
Kelcey,Cullingworth,kcullingworthj0@deliciousdays.com,7571181721,Nahrīn,1990-03-30
Conrad,Carlan,ccarlanj1@chron.com,1926718710,Maddela,1981-05-31
Deirdre,Gheorghescu,dgheorghescuj2@g.co,4567588811,Pendiqing,1983-07-10
Gertruda,Suggett,gsuggettj3@newyorker.com,9267400148,Noemuti,2000-02-05
Bondon,Filewood,bfilewoodj4@sitemeter.com,3967250488,Togur,1975-03-13
Brandy,Magnus,bmagnusj5@g.co,6774960214,Alíartos,1968-02-21
Sheba,Yeldham,syeldhamj6@elpais.com,4223306565,Bhamdoun,1989-05-07
Rustie,Hinckley,rhinckleyj7@quantcast.com,5403628327,Xin’an,1967-12-09
Selene,L'Homme,slhommej8@seattletimes.com,3368502842,Dante Delgado,1976-06-17
Galina,Emlen,gemlenj9@who.int,3192761977,Libourne,1982-12-08
Niki,O'Shevlan,noshevlanja@apache.org,3103479623,Tucupido,1994-09-30
Reyna,Lydiate,rlydiatejb@nationalgeographic.com,8196602037,Duowa,1965-12-06
Gasparo,Cartwright,gcartwrightjc@ebay.co.uk,5963364695,Sudimanik,1979-07-28
Marji,Endean,mendeanjd@weibo.com,6115516965,Wuhu,1985-04-16
Adriaens,Digman,adigmanje@cam.ac.uk,5012001208,Shazhenxi,1999-07-09
Jennee,Sayre,jsayrejf@t.co,4869925093,Tshela,1984-07-10
Asia,Frusher,afrusherjg@studiopress.com,4433605616,Gerakaroú,1991-08-11
Sam,Gennrich,sgennrichjh@hud.gov,1213271061,Cipasung,1988-11-19
Emmet,Dunning,edunningji@blinklist.com,9129519143,Khān Shaykhūn,1994-03-27
Leisha,Benediktovich,lbenediktovichjj@usatoday.com,8833331846,Porto Seguro,1988-11-10
Irma,Guslon,iguslonjk@jiathis.com,4729779685,Carig,1972-04-09
Lynnet,Klausen,lklausenjl@networkadvertising.org,5434444345,Sampacho,1996-08-11
Chance,Ludlem,cludlemjm@homestead.com,8522277738,Longxing,1981-10-22
Brenn,Cominotti,bcominottijn@japanpost.jp,8169992748,Shuangfeng,1996-08-30
Rea,Chessum,rchessumjo@shutterfly.com,9329077637,El Calvario,1971-04-01
Paulie,Offell,poffelljp@economist.com,8605495049,Panjgūr,1993-09-16
Erhart,Osmint,eosmintjq@google.pl,5691432892,Kropotkin,1985-08-15
Ingelbert,Kestin,ikestinjr@naver.com,2141975651,Chemal,1974-10-03
Alfie,Ginnelly,aginnellyjs@narod.ru,7627482354,Mae Sai,1998-10-12
Kelbee,Juden,kjudenjt@addtoany.com,6042293168,Saint-Maixent-l'École,1977-03-06
Sherman,Cottesford,scottesfordju@uol.com.br,8924565166,Emiliano Zapata,1972-06-09
Lee,MacCoughen,lmaccoughenjv@webeden.co.uk,8029466904,Paurito,1974-06-09
Merla,Pickthall,mpickthalljw@geocities.com,4035496531,Khorugh,1967-11-09
Jillene,Portch,jportchjx@amazon.co.jp,1438403065,Faro,1970-10-25
Remington,Sire,rsirejy@addtoany.com,3776226153,Durrës,1988-01-22
Julienne,Anger,jangerjz@nymag.com,5594748204,Kwangyang,1986-03-19
Marleah,Rebillard,mrebillardk0@zimbio.com,4477328529,Mavingouni,1996-05-08
Ozzy,Choke,ochokek1@cisco.com,1311739064,Dianbu,1995-10-15
Faustina,Skeggs,fskeggsk2@slideshare.net,3036821137,Tual,1989-02-08
Janessa,Maddigan,jmaddigank3@github.com,4093585084,Jaqué,1991-06-10
Upton,Hannaby,uhannabyk4@nba.com,5574269318,Bum Bum,1982-12-08
Bertie,Gasparro,bgasparrok5@walmart.com,4643806493,Hefu,1972-08-23
Richmound,Gobeaux,rgobeauxk6@sogou.com,5711208299,Boshan,1997-02-22
Alessandra,Purry,apurryk7@biblegateway.com,1952093642,Santa Catalina,1973-01-15
Tyson,Minkin,tminkink8@bloglines.com,1645287725,Nantai,1982-12-23
Kamila,Manktelow,kmanktelowk9@thetimes.co.uk,4973840218,Tongyuanpu,1973-05-22
Errol,MacKeogh,emackeoghka@upenn.edu,1913604757,Sukasenang,1996-10-08
Stanislaus,Lovering,sloveringkb@google.pl,7499346544,Kruševica,1986-12-29
Essa,Scrancher,escrancherkc@1688.com,4917323823,Lizhai,1983-09-19
Margarette,Sponer,msponerkd@tamu.edu,7479063890,Dingtao,1968-09-23
Susanne,Brane,sbraneke@intel.com,6224958755,Dongxin,1970-10-30
Piggy,Garling,pgarlingkf@thetimes.co.uk,8047306518,Yuanyang Zhen,1977-07-09
Stearne,Garnam,sgarnamkg@google.ru,1963917485,Tanjay,1983-02-25
Torey,Bachura,tbachurakh@google.ru,2383623745,Drásov,2000-05-31
Irwin,Porter,iporterki@multiply.com,5251357264,Masaran,1966-02-06
Ezechiel,Dericut,edericutkj@photobucket.com,2993394984,Nailong,1987-01-28
Aprilette,Cripwell,acripwellkk@apple.com,6186933392,Tigbaw,1971-01-26
Lettie,Poxton,lpoxtonkl@imgur.com,8149720338,Erie,1965-06-21
Kenneth,Jack,kjackkm@scribd.com,8652358573,Dardhas,1971-06-14
Venita,Pammenter,vpammenterkn@tumblr.com,4105223317,Shenwan,1984-07-04
Wenonah,Elland,wellandko@networkadvertising.org,9463802650,Tumen,1967-07-15
Byrann,Garlett,bgarlettkp@networksolutions.com,4461609465,Labansari,1968-03-10
Veronike,Dewick,vdewickkq@umich.edu,3879366278,Buôn Trấp,1972-01-24
Kerstin,Hounsom,khounsomkr@archive.org,5729275613,Mlalo,1981-03-02
Renell,Tallowin,rtallowinks@house.gov,7754115172,Villa Castelli,1998-11-27
Sammie,Emmert,semmertkt@google.it,4466521392,Sudogda,1998-05-16
Meg,Quenell,mquenellku@hc360.com,4955693466,Baras,1993-05-06
Colman,Jozsef,cjozsefkv@ebay.com,3547147232,Thị Trấn Tam Sơn,1984-09-03
Jerome,Got,jgotkw@ask.com,9028018949,Pudoc,1987-03-11
Arleen,Hannent,ahannentkx@java.com,5014504818,Dazhangzhuang,1984-08-30
Vasily,Poveleye,vpoveleyeky@homestead.com,1932138591,Rudka,1972-04-13
Kip,Thirwell,kthirwellkz@youtu.be,4823246164,Wang Noi,1989-06-22
Axe,Joannet,ajoannetl0@theglobeandmail.com,3562598300,Baimangpu,1992-08-02
Lion,O' Faherty,lofahertyl1@theguardian.com,8434337858,Koba,1965-09-14
Henri,Willmer,hwillmerl2@prweb.com,9523446006,Sandefjord,1993-03-24
Sela,Apfelmann,sapfelmannl3@posterous.com,8809602325,Bắc Kạn,1969-01-15
Ikey,Heare,ihearel4@acquirethisname.com,8506130688,Conde,1978-09-01
Alvira,Manilow,amanilowl5@ezinearticles.com,1373575413,Peñal,1988-02-06
Rawley,Gravells,rgravellsl6@wikia.com,3136668866,Benito Juarez,1975-11-27
Jimmie,Gordon,jgordonl7@google.fr,2093261895,Stockton,1985-02-16
Tawsha,Gillions,tgillionsl8@theglobeandmail.com,2899809877,Kutorejo,1983-06-26
Suellen,Allchin,sallchinl9@chicagotribune.com,1818449334,Mexico,1976-10-12
Carmine,de Quesne,cdequesnela@loc.gov,8484627238,Vogan,1992-09-17
Maureene,Foreman,mforemanlb@elegantthemes.com,3399178210,Alès,1974-04-07
Nicko,Pickard,npickardlc@goo.ne.jp,3851413902,Duyanggang,1973-07-18
Egbert,Binnion,ebinnionld@wufoo.com,5113252598,Lere,1991-05-10
Roselin,Prando,rprandole@sakura.ne.jp,7025101191,Rikitea,1992-03-25
Fernanda,Potteril,fpotterillf@freewebs.com,7719049759,Oslo,1969-05-30
Tito,Prophet,tprophetlg@go.com,6667566808,Narong,1979-05-06
Efrem,Giraudot,egiraudotlh@angelfire.com,1335766722,San Miguel,1975-02-18
Den,Deevey,ddeeveyli@hao123.com,6266705324,Cayur,1990-06-06
Haze,Bault,hbaultlj@princeton.edu,9869587858,Bobrov,1988-03-29
Germayne,Comer,gcomerlk@statcounter.com,1038938111,Sedatiagung,1966-01-03
Mellisent,Hitzschke,mhitzschkell@blinklist.com,5637268852,Taloko,1972-06-13
Nickolaus,Woodwing,nwoodwinglm@nasa.gov,6671945434,Chynów,1990-03-31
Johanna,Mellmer,jmellmerln@amazon.co.uk,6737857008,Bajawa,1987-12-17
Mallissa,Kienzle,mkienzlelo@simplemachines.org,1267743816,Kon Tum,1983-01-27
Dewie,Prin,dprinlp@elpais.com,2355638593,Mashan,1971-06-23
Gabriel,Sline,gslinelq@digg.com,4097358197,Beaumont,1996-09-20
Loren,Bewicke,lbewickelr@dyndns.org,5273100994,Al Mazra‘ah,1972-11-09
Barry,Copping,bcoppingls@arstechnica.com,5944245562,Wotsogo,1997-06-09
Aurora,Skitterel,askitterellt@desdev.cn,1387552185,Tulu Bolo,1970-06-09
Lorry,Reville,lrevillelu@hibu.com,8529541349,Bulag,1976-05-04
Jeremiah,Romaynes,jromayneslv@newyorker.com,5544496941,Yaransk,1969-03-10
Baird,Holborn,bholbornlw@scientificamerican.com,7119368993,Chatou,1997-03-22
Neysa,Bernon,nbernonlx@wsj.com,6328938224,Arrën,1965-10-11
Renaud,Robichon,rrobichonly@macromedia.com,2863864903,Adolfo Lopez Mateos,1979-02-18
Farley,Fillary,ffillarylz@japanpost.jp,5216263217,Manoc-Manoc,1989-05-08
Britney,Trivett,btrivettm0@nationalgeographic.com,2067979538,Seattle,1996-04-30
Kali,Bothe,kbothem1@de.vu,9586302109,Chichigalpa,1987-10-14
Roz,Kollas,rkollasm2@ask.com,5091415862,La Poma,1978-02-08
Son,Kenton,skentonm3@comsenz.com,4541005104,Sumberejo,1999-04-27
Gelya,Rooke,grookem4@tinypic.com,5213832486,Phu Kam Yao,1982-04-28
Lynsey,Hawney,lhawneym5@sakura.ne.jp,4591524193,Brikama,1985-04-24
Erminia,Kirkness,ekirknessm6@canalblog.com,4347011872,Atambua,1981-03-26
Baxy,Kleinber,bkleinberm7@is.gd,4176231988,Mayantoc,1989-11-24
Heall,Goodey,hgoodeym8@shop-pro.jp,9196778390,Dos Quebradas,1978-11-04
Carin,Shepherdson,cshepherdsonm9@t-online.de,8331910748,Rautalampi,1978-11-05
Briano,Cullum,bcullumma@printfriendly.com,5914374064,Hasan,1974-09-22
Florence,Hundey,fhundeymb@hibu.com,6302274655,Kisarazu,1996-01-05
Bertine,Pietruszewicz,bpietruszewiczmc@infoseek.co.jp,9611205938,Darfield,1998-07-14
Flory,Jervoise,fjervoisemd@xing.com,2911731238,Betong,1977-04-01
Falkner,Davidof,fdavidofme@archive.org,8164339448,Rueil-Malmaison,1997-02-04
Carolee,Sandison,csandisonmf@free.fr,3054679705,Clearwater,1971-05-21
Durant,Brevetor,dbrevetormg@webnode.com,2435725512,Cinyawang,1983-11-26
Ettie,Vogel,evogelmh@paginegialle.it,1457037173,Gusev,1979-10-21
Mildred,Axelbey,maxelbeymi@theatlantic.com,1682902191,Moganshan,1974-02-23
Emmit,Pipkin,epipkinmj@fda.gov,7904136504,Raejeru,1995-01-15
Galven,Paty,gpatymk@friendfeed.com,2604226153,Pershotravneve,1987-07-06
Broderic,Chellenham,bchellenhamml@rakuten.co.jp,4257925622,Chenggang,1998-06-01
Alvy,Hordle,ahordlemm@va.gov,2964548859,Narbonne,1988-04-01
Miller,Minocchi,mminocchimn@webeden.co.uk,6536862081,Kulunda,1981-03-29
Caron,Philippon,cphilipponmo@cyberchimps.com,4588086580,Solor,1990-05-18
Shepperd,Rubertelli,srubertellimp@angelfire.com,5964433069,Moulins,1970-03-27
Keely,Fabri,kfabrimq@a8.net,3679602821,São Lourenço do Sul,1990-04-30
Keane,Tue,ktuemr@shutterfly.com,4493101279,Barotac Viejo,1971-10-09
Dorelia,Pauluzzi,dpauluzzims@ustream.tv,9507627657,Namangan,1987-03-14
Sonya,Grainge,sgraingemt@howstuffworks.com,3134483714,Taradale,1977-06-25
Paddy,Hackney,phackneymu@blogs.com,1352773741,Pamedaran,1979-12-04
Franciskus,Bestall,fbestallmv@soup.io,9001465205,Taluksangay,1982-03-23
Carlin,Slayny,cslaynymw@ycombinator.com,6852732703,Kastornoye,1992-11-11
Irwinn,Mighele,imighelemx@ow.ly,9319555858,Yangjiaping,1997-03-05
Lorenzo,Petric,lpetricmy@mysql.com,3152987075,Martakert,1999-02-17
Gerhardine,Cartner,gcartnermz@sciencedaily.com,9071562935,Troyes,1990-11-23
Augustin,MacScherie,amacscherien0@washington.edu,4267292340,Cuijiaqiao,1996-09-10
Jakie,Fesby,jfesbyn1@statcounter.com,8399682967,Nai Harn,1972-08-24
Amos,Pilsbury,apilsburyn2@de.vu,5993262250,Arjawinangun,1995-05-01
Karon,Alexis,kalexisn3@patch.com,7352092981,Pampa de los Guanacos,1998-07-30
Richmound,Garlett,rgarlettn4@hibu.com,6416907936,Ternate,1979-03-04
Cordelie,Eddins,ceddinsn5@i2i.jp,2093404076,Łapczyca,1970-11-07
Berny,Mussilli,bmussillin6@biglobe.ne.jp,5067087140,Arıqıran,1994-10-02
Ewen,Trew,etrewn7@opera.com,9998272959,Strážnice,1972-04-30
Javier,Giannini,jgianninin8@archive.org,1212216334,Rathangan,1984-03-12
Clarance,Haylett,chaylettn9@nps.gov,4199466244,Florida,1990-08-07
Rodina,Durrance,rdurrancena@census.gov,2714123230,Niugan,1966-09-06
Aidan,Lyttle,alyttlenb@harvard.edu,5351798193,Miraflores,1974-09-16
Heall,Brettoner,hbrettonernc@shareasale.com,9383795579,Kuantian,1990-06-12
Kitty,Lyal,klyalnd@goo.ne.jp,8863633161,Chidian,1977-12-23
Danica,Goricke,dgorickene@amazon.co.uk,9237957183,Tianmen,1969-02-13
Aimil,Dantesia,adantesianf@godaddy.com,3427896443,Viline,1984-08-10
Lynn,Caghy,lcaghyng@thetimes.co.uk,3524496649,Al ‘Aqabah,1992-01-09
Reine,Deave,rdeavenh@amazonaws.com,6178564235,Stanley,1968-09-05
Erhard,Simco,esimconi@issuu.com,5419970245,Meliau,1992-12-27
Jeanie,Mandrake,jmandrakenj@answers.com,7051042037,Velké Bílovice,1966-08-24
Kain,Grzeszczyk,kgrzeszczyknk@sourceforge.net,2739250920,Nokaneng,1996-12-30
Yoshi,Mc Faul,ymcfaulnl@mozilla.com,7699312658,Gilowice,1967-12-02
Daisy,Arendsen,darendsennm@tuttocitta.it,2466218669,Sempol,1970-02-03
Florri,Cosby,fcosbynn@hao123.com,9946816564,Magtaking,1978-02-24
Hertha,Rolland,hrollandno@ox.ac.uk,5657308589,Lidingö,1980-12-31
Carmelle,Leatham,cleathamnp@sourceforge.net,4929428000,Yeni Suraxanı,1988-12-31
Kikelia,Monnery,kmonnerynq@skype.com,3946317777,Sukabumi,2000-02-09
Gabriel,Chilley,gchilleynr@merriam-webster.com,2838367100,Jiuli,1968-09-13
Kingsly,Greenland,kgreenlandns@wikispaces.com,1892373296,Duzhenwan,1979-02-05
Ricard,Sheasby,rsheasbynt@bloglines.com,3664183309,Frýdlant,1970-12-28
Simonne,McGown,smcgownnu@wufoo.com,3051250827,Dorowa Mining Lease,1972-02-16
Rickie,Birchall,rbirchallnv@chronoengine.com,4288821971,Gualeguaychú,1966-05-18
Fanchette,Mawman,fmawmannw@mashable.com,5411020775,Tangpu,1997-05-04
Carleen,Reckus,creckusnx@drupal.org,1531292693,Burunday,1999-07-11
Tawnya,O'Connell,toconnellny@altervista.org,5657203583,Bento Gonçalves,1986-02-06
Whitney,Massingham,wmassinghamnz@webeden.co.uk,4607725886,Pasirhaur,1998-02-26
Franchot,Kneesha,fkneeshao0@homestead.com,4756751551,Sharga,1968-10-05
Phillipe,Gledhall,pgledhallo1@hao123.com,3883893453,Békéscsaba,1983-08-20
Mona,Simmans,msimmanso2@go.com,2651398047,Mawa,1985-07-19
Vanni,Gookey,vgookeyo3@mapy.cz,5992099653,Mar’ina Roshcha,1985-03-12
Wolfy,Cullabine,wcullabineo4@dell.com,1577211132,Laç,1983-02-16
Allin,Tomasutti,atomasuttio5@nbcnews.com,6579610097,Nowshera Cantonment,1985-11-06
Lisetta,Rathke,lrathkeo6@chronoengine.com,7182148497,Vũ Thư,1972-03-13
Adoree,Piburn,apiburno7@prweb.com,6189254339,Zelenograd,1994-06-01
Mikaela,Slemmonds,mslemmondso8@nationalgeographic.com,3049358293,Wolomarang,1998-04-21
Kaila,Gogerty,kgogertyo9@prnewswire.com,6826164599,Kawasaki,1985-11-03
Dion,Shortell,dshortelloa@shinystat.com,6945473066,Rokietnica,1967-01-04
Kimbell,Brattan,kbrattanob@theatlantic.com,2826604319,San José de Mayo,1967-06-16
Gerda,Reimers,greimersoc@mtv.com,8336621634,Asmara,1974-09-16
Veda,Grassett,vgrassettod@youtu.be,7343207492,Ninove,1984-08-13
Roth,Haly,rhalyoe@meetup.com,1638808199,Kyzylzhar,1985-11-11
Humberto,Oswal,hoswalof@theatlantic.com,1228997322,Noormarkku,1996-12-28
Kendrick,Matuszak,kmatuszakog@google.ca,7611997711,Spassk,1995-11-27
Ivette,Donegan,idoneganoh@europa.eu,7348748417,Silongin,1996-04-24
Mommy,Clarkin,mclarkinoi@illinois.edu,5357597490,Sembakung,1978-08-23
Silva,Castletine,scastletineoj@illinois.edu,1128390768,Xinxi,1979-11-18
Cad,Di Dello,cdidellook@flickr.com,9678766440,Dayangzhou,1985-07-15
Glyn,Katzmann,gkatzmannol@google.co.uk,8688450468,Karabash,1989-03-11
Christy,Cush,ccushom@amazon.com,7311409750,Kahabe,1966-01-11
Patin,Demelt,pdemelton@weather.com,5956460221,Pingkai,1992-08-14
Nolie,Darbey,ndarbeyoo@dailymail.co.uk,5187998131,Medaya,1986-01-23
Mar,Dumbelton,mdumbeltonop@ocn.ne.jp,4476000990,Bamban,1978-11-18
Amanda,Du Hamel,aduhameloq@jimdo.com,7436510917,Luleå,1977-10-22
Letty,Ioannou,lioannouor@shareasale.com,6691788965,Orléans,1977-07-23
Reinaldo,Camsey,rcamseyos@youtube.com,6281483104,’Unābah,1966-08-21
Tamiko,Pittaway,tpittawayot@imgur.com,2731401989,Glamoč,1983-02-02
Kyle,Allchin,kallchinou@chronoengine.com,7432999972,Lagarto,1970-06-13
Burtie,Leabeater,bleabeaterov@wp.com,4753208516,Firovo,1997-04-16
Wendie,Rainon,wrainonow@loc.gov,9639833449,Ayrihuanca,1974-04-29
Stanislaw,Probets,sprobetsox@typepad.com,3774178698,Charlottenberg,1975-07-05
Garret,Yuranovev,gyuranovevoy@w3.org,4745772490,Cahuanuyo,1972-07-25
Dorie,Otley,dotleyoz@adobe.com,8283499821,Elbasan,1997-09-07
Cathrine,Manley,cmanleyp0@nih.gov,1243169621,Tingsryd,1990-04-29
Sandye,Ivannikov,sivannikovp1@godaddy.com,4112429124,Polos,1992-12-20
Valerye,Guinane,vguinanep2@noaa.gov,5581601173,Panalo-on,1981-01-23
Dennie,Tutt,dtuttp3@imageshack.us,2385503661,Dikwa,1967-03-12
Osborne,Andreou,oandreoup4@nytimes.com,7266310988,Mloko,1981-03-07
Rhody,Druett,rdruettp5@cnbc.com,1087321005,Ōmiya,2000-03-07
Pierson,Roper,properp6@cam.ac.uk,6246185622,Pantaibesar,1991-02-21
Zulema,McIlvaney,zmcilvaneyp7@networkadvertising.org,9111387814,Seaton,1982-09-06
Letitia,O' Driscoll,lodriscollp8@twitpic.com,1883741176,Namerikawa,1973-11-18
Leo,Dinneen,ldinneenp9@parallels.com,1015333082,Esperanza,1967-09-25
Odell,Attenbarrow,oattenbarrowpa@nba.com,8987429296,Oviedo,1991-09-23
Wynn,Mariolle,wmariollepb@wufoo.com,1735309359,Gananoque,1987-03-28
Tabbatha,Diviny,tdivinypc@webs.com,9648496732,Sokol’niki,1980-05-29
Cacilia,Lilley,clilleypd@geocities.com,5826191733,Zimmi,1973-11-08
Paola,Caillou,pcailloupe@cnn.com,9199442039,La Caya,1984-10-25
Emelia,Mouth,emouthpf@wikispaces.com,7592348206,Kramat,1976-05-16
Jolie,Warby,jwarbypg@ifeng.com,8147397236,Gamut,1982-10-08
Caitlin,Hulstrom,chulstromph@mapy.cz,3352436801,La Calera,1988-02-10
Mindy,Denisard,mdenisardpi@dmoz.org,9894224810,Ţammūn,1986-10-13
Adair,Edmund,aedmundpj@globo.com,3217377427,Pigeiros,1999-06-02
Broderick,Treker,btrekerpk@fc2.com,5272005490,Jiaotan,1972-03-08
Murvyn,Whetnell,mwhetnellpl@answers.com,8647650295,Samoljica,1980-01-02
Guinna,Strangeway,gstrangewaypm@npr.org,6579611743,Taosha,1984-05-10
Roselia,Coronado,rcoronadopn@guardian.co.uk,2383416959,Santa Maria da Vitória,1966-11-25
Nissa,Ashtonhurst,nashtonhurstpo@narod.ru,3569053592,Handaqi,1975-01-17
Jillane,Sterman,jstermanpp@hao123.com,1172659597,Gorgān,1982-06-24
Faunie,Danielkiewicz,fdanielkiewiczpq@nature.com,9157032788,El Paso,1973-05-19
Jud,Ruddock,jruddockpr@imageshack.us,7708676788,Nong Don,1965-11-05
Hanson,McGucken,hmcguckenps@biblegateway.com,6382955396,Wotan,1993-03-24
Mychal,Wickwarth,mwickwarthpt@weebly.com,4857728340,La’ershan,1976-09-03
Ted,MacGebenay,tmacgebenaypu@wikia.com,9876058409,Vila Verde,1976-07-28
Brandyn,Haruard,bharuardpv@netlog.com,2847498537,Puente Nacional,1994-02-10
Weylin,Garvan,wgarvanpw@deviantart.com,4024399556,Rumilly,1989-12-13
Calv,Coller,ccollerpx@nbcnews.com,1946090219,Pandi,1967-11-07
Sarette,Deighan,sdeighanpy@baidu.com,7772562184,Lelystad,1979-06-04
Luther,Suett,lsuettpz@livejournal.com,2573003030,Dete,1975-03-05
Dickie,Canavan,dcanavanq0@lulu.com,3235745701,Pasadena,1974-08-26
Kettie,de Cullip,kdecullipq1@twitpic.com,4099783741,Cennan,1966-08-12
Meryl,Root,mrootq2@auda.org.au,7637578062,Wilamowice,1981-04-13
Leigha,Wackett,lwackettq3@woothemes.com,7295426293,Lianghu,1989-02-04
Jeramey,Templman,jtemplmanq4@homestead.com,4588258885,Pysznica,1989-08-03
Gerick,Starie,gstarieq5@skyrock.com,1533216678,Azul,1965-08-19
Garrett,Mangon,gmangonq6@nature.com,3617295765,Anna Regina,1981-01-07
Hallsy,Allebone,halleboneq7@barnesandnoble.com,4115362412,Touzao,1987-06-22
Wye,Masselin,wmasselinq8@goo.gl,7257460940,Mafra,1995-11-02
Reed,Kropp,rkroppq9@cargocollective.com,7072669304,Nanhe,1974-01-23
Ciro,Yitzovitz,cyitzovitzqa@gov.uk,3169896708,Voyutychi,1974-05-21
Elyssa,Enders,eendersqb@opera.com,1229811916,Zlatograd,1995-10-02
Emmerich,Rebanks,erebanksqc@auda.org.au,5105781405,Xinkai,1997-03-22
Theresa,Middis,tmiddisqd@google.nl,8369630849,Linköping,1973-10-19
Wolf,Ascroft,wascroftqe@epa.gov,9341178827,Gukovo,1987-01-08
Tye,McAsgill,tmcasgillqf@reddit.com,5134913193,Guandu,1976-01-08
Ann-marie,Coard,acoardqg@mysql.com,9428307195,Bogolyubovo,1995-10-10
Keen,Holmyard,kholmyardqh@mit.edu,6291809935,Yubilyeyny,1966-05-06
Johnna,MacNab,jmacnabqi@infoseek.co.jp,4628938819,Maria Cristina,1977-01-20
Elset,Hesey,eheseyqj@independent.co.uk,9039675522,Amsterdam-Oost,1986-05-30
Tamarra,Elven,telvenqk@marketwatch.com,6973074829,Jiaze,1997-10-25
Karlee,O'Sharry,kosharryql@feedburner.com,5275806816,Palmira,1999-12-26
Lorilee,Giovanardi,lgiovanardiqm@ifeng.com,9249304462,Xuanbao,1967-10-22
De,Patershall,dpatershallqn@wufoo.com,5775365283,Sieniawa,1972-11-29
Betteanne,Corbert,bcorbertqo@ustream.tv,2003385364,Dijon,1969-12-28
Freida,Gutowska,fgutowskaqp@typepad.com,5752227735,Jasugih Selatan,1970-05-07
Richmond,Krout,rkroutqq@blog.com,6939616656,Balneário Camboriú,1971-04-20
Friederike,Mignot,fmignotqr@feedburner.com,6348234631,Lebak,1988-08-20
Shell,Stockau,sstockauqs@skype.com,5976718613,Strzelce Krajeńskie,1999-08-26
Pernell,Espadater,pespadaterqt@jalbum.net,9832449087,Tianfen,1979-06-03
Verene,McGauhy,vmcgauhyqu@creativecommons.org,5572838894,Enjiang,1985-09-02
Seumas,Anfossi,sanfossiqv@last.fm,7887481874,Imbituba,1967-10-30
Tamiko,Spaight,tspaightqw@surveymonkey.com,3595781178,Dashahe,1993-09-17
Amabel,Aleksidze,aaleksidzeqx@chron.com,6878027166,Sheki,1994-04-28
Vincents,Reichardt,vreichardtqy@fda.gov,7238130209,Santo António,1978-05-17
Allyn,MacCague,amaccagueqz@washington.edu,6075024405,Wendengying,1995-05-02
Elonore,Waith,ewaithr0@amazon.com,9407417329,Färjestaden,1970-06-19
Byram,Dunsire,bdunsirer1@stanford.edu,4019157116,Pleshanovo,1976-09-09
Erik,Steinham,esteinhamr2@webeden.co.uk,2987977548,Maojiadian,1967-01-07
Torrin,Ogelsby,togelsbyr3@mail.ru,5032007619,Altunemil,1980-04-10
Wenda,Fontelles,wfontellesr4@fastcompany.com,9079592305,Smedjebacken,1975-03-05
Jens,McKellar,jmckellarr5@ameblo.jp,5546877937,Duyanggang,1983-11-07
Bailie,Shawcross,bshawcrossr6@auda.org.au,6467831532,Kribi,1998-10-31
Rorke,Wraight,rwraightr7@freewebs.com,7584892719,Nikísiani,1981-02-26
Clemmie,Bunney,cbunneyr8@domainmarket.com,4941448349,Orléans,1999-07-25
Didi,Kelloway,dkellowayr9@blog.com,3304940054,Youngstown,1977-11-27
Gertrudis,Larby,glarbyra@admin.ch,7614855510,Georgīevka,1977-03-28
Othella,Tysall,otysallrb@smugmug.com,7297176539,Yoshkar-Ola,1998-07-14
Vevay,Seeler,vseelerrc@gov.uk,3976149002,Palermo,1979-03-10
Lydie,Kenworthey,lkenwortheyrd@blog.com,1787807116,Balibago,1989-07-30
Randee,Shaylor,rshaylorre@google.co.uk,7388006564,Sedatiagung,1993-01-16
Bartlet,Attwell,battwellrf@princeton.edu,3184605947,Si That,1966-04-05
Allyn,MacGillreich,amacgillreichrg@usgs.gov,4311067386,Bình Thủy,1991-01-25
Bale,Stubbes,bstubbesrh@a8.net,5725774672,Jiezi,1972-04-05
Junina,Hammerson,jhammersonri@mysql.com,9156846177,El Paso,1968-10-05
Elysee,Liddiard,eliddiardrj@fc2.com,1096620177,Tanumshede,1971-08-14
Gretchen,Matzaitis,gmatzaitisrk@dedecms.com,5022803021,Málaga,1988-05-30
Zsazsa,Neiland,zneilandrl@bloomberg.com,6843338650,Tver,1978-06-20
Laure,Cockshutt,lcockshuttrm@umn.edu,4209287330,Xin’e,2000-02-21
Ellette,Huitt,ehuittrn@elpais.com,2527130439,Lamoso,1988-10-07
Marla,Skones,mskonesro@parallels.com,8541726763,Meizhou,1988-11-24
Irving,Langstone,ilangstonerp@zimbio.com,3363072438,Dafengdui,1971-08-05
Thaddus,Pendrill,tpendrillrq@scribd.com,6202309134,Libofshë,1997-10-26
Rad,Ivanaev,rivanaevrr@live.com,9904703831,Senglea,1998-01-31
