id,firstname,lastname,email,phone,birth_date,city
1,Giraud,Buscher,gbuscher0@nature.com,4058125561,06/05/2006,Shangde
2,Fabian,Anton,fanton1@opensource.org,9683276432,20/04/1985,Gândara de Aquém
3,Quentin,Copley,qcopley2@indiegogo.com,4908736410,20/04/1971,Borzytuchom
4,Karly,Voas,kvoas3@usa.gov,2604436269,16/06/2014,Aral
5,Myrwyn,Metcalfe,mmetcalfe4@hatena.ne.jp,2341978196,08/10/1983,München
6,Gale,Really,greally5@mysql.com,5538929144,09/11/1985,Toungo
7,Carolan,Trippick,ctrippick6@wikipedia.org,8492657981,27/09/1987,Rimbo
8,Rabi,Gothard,rgothard7@friendfeed.com,5151205261,20/12/1982,Dongfu
9,Stacee,Kobu,skobu8@kickstarter.com,4961889885,21/02/1980,Sukamaju
10,Gianina,Ong,gong9@msn.com,9626115072,24/12/1989,Wakkanai
11,Glynnis,Kinnett,gkinnetta@sakura.ne.jp,4288559375,01/03/2014,Tokār
12,Kimmie,Hughlin,khughlinb@tmall.com,4384405437,06/12/1992,Sennoy
13,Stanislaus,Rook,srookc@spotify.com,7435544772,04/10/1980,Oepula
14,Andi,Drayn,adraynd@trellian.com,1689402923,02/08/1989,Dammarie-les-Lys
15,Dorry,Tabord,dtaborde@seattletimes.com,4302480593,24/09/1980,Savonranta
16,Krishna,Spain,kspainf@lycos.com,2383504032,18/01/1978,Kelo
17,Rudie,Huggill,rhuggillg@mediafire.com,8232562091,21/09/1973,Allen
18,Mycah,Dissman,mdissmanh@toplist.cz,6613920102,23/05/1979,Cadagmayan Norte
19,Skelly,Loudiane,sloudianei@jigsy.com,7123857364,24/09/1990,Bonoua
20,Rodie,Godden,rgoddenj@phpbb.com,8583684697,06/05/1990,Castanheira de Pêra
21,Vinod,Kumar,vinod@vinod.co,9731424784,20/01/1974,Bangalore
